hgvs_genomic_38,hgvs_coding,chromosome,position,ref_allele,alt_allele,gene_symbol,pathogenicity_original
NC_000011.10:g.108222768C>T,NC_000011.10:g.108222768C>T,11,108222768,C,T,ATM,benign
NC_000011.10:g.108222889A>T,NC_000011.10:g.108222889A>T,11,108222889,A,T,ATM,benign
NC_000011.10:g.108223043A>G,NM_000051.4:c.-174A>G,11,108223043,A,G,ATM,pathogenic
NC_000011.10:g.108223106G>A,NM_000051.4:c.-111G>A,11,108223106,G,A,ATM,benign
NC_000011.10:g.108223170A>G,NM_000051.4:c.-47A>G,11,108223170,A,G,ATM,benign
NC_000011.10:g.108223174T>G,NM_000051.4:c.-43T>G,11,108223174,T,G,ATM,benign
NC_000011.10:g.108223175C>T,NM_000051.4:c.-42C>T,11,108223175,C,T,ATM,benign
NC_000011.10:g.108223190G>C,NM_000051.4:c.-31+4G>C,11,108223190,G,C,ATM,benign
NC_000011.10:g.108223193_108223194insTGT,NM_000051.4:c.-31+6_-31+7insTGT,11,108223193,G,GTGT,ATM,benign
NC_000011.10:g.108223192G>T,NM_000051.4:c.-31+6G>T,11,108223192,G,T,ATM,benign
NC_000011.10:g.108223194C>T,NM_000051.4:c.-31+8C>T,11,108223194,C,T,ATM,benign
NC_000011.10:g.108223198G>A,NM_000051.4:c.-31+12G>A,11,108223198,G,A,ATM,benign
NC_000011.10:g.108223424G>A,NM_000051.4:c.-31+238G>A,11,108223424,G,A,ATM,benign
NC_000011.10:g.108223781G>A,NM_000051.4:c.-31+595G>A,11,108223781,G,A,ATM,pathogenic
NC_000011.10:g.108227415C>T,NM_000051.4:c.-30-180C>T,11,108227415,C,T,ATM,benign
NC_000011.10:g.108227516A>G,NM_000051.4:c.-30-79A>G,11,108227516,A,G,ATM,benign
NC_000011.10:g.108227542A>C,NM_000051.4:c.-30-53A>C,11,108227542,A,C,ATM,benign
NC_000011.10:g.108227576A>G,NM_000051.4:c.-30-19A>G,11,108227576,A,G,ATM,benign
NC_000011.10:g.108227578A>G,NM_000051.4:c.-30-17A>G,11,108227578,A,G,ATM,benign
NC_000011.10:g.108227580G>A,NM_000051.4:c.-30-15G>A,11,108227580,G,A,ATM,benign
NC_000011.10:g.108227591_108227598delinsACAG,NM_000051.3:c.-30_-27delACAG,11,108227590,TACAGACAG,TACAG,ATM,benign
NC_000011.10:g.108227592del,NM_000051.4:c.-30-3del,11,108227591,AC,A,ATM,pathogenic
NC_000011.10:g.108227593A>G,NM_000051.4:c.-30-2A>G,11,108227593,A,G,ATM,pathogenic
NC_000011.10:g.108227598G>T,NM_000051.4:c.-27G>T,11,108227598,G,T,ATM,benign
NC_000011.10:g.108227600G>T,NM_000051.4:c.-25G>T,11,108227600,G,T,ATM,benign
NC_000011.10:g.108227601A>G,NM_000051.4:c.-24A>G,11,108227601,A,G,ATM,benign
NC_000011.10:g.108227607G>A,NM_000051.4:c.-18G>A,11,108227607,G,A,ATM,benign
NC_000011.10:g.108227607G>C,NM_000051.4:c.-18G>C,11,108227607,G,C,ATM,benign
NC_000011.10:g.108227625A>T,NM_000051.4:c.1A>T,11,108227625,A,T,ATM,pathogenic
NC_000011.10:g.108227625A>C,NM_000051.4:c.1A>C,11,108227625,A,C,ATM,pathogenic
NC_000011.10:g.108227625A>G,NM_000051.4:c.1A>G,11,108227625,A,G,ATM,pathogenic
NC_000011.10:g.108227626T>C,NM_000051.4:c.2T>C,11,108227626,T,C,ATM,pathogenic
NC_000011.10:g.108227628_108227628delinsAA,NM_000051.4:c.4dup,11,108227627,GA,GAA,ATM,pathogenic
NC_000011.10:g.108227627G>C,NM_000051.4:c.3G>C,11,108227627,G,C,ATM,pathogenic
NC_000011.10:g.108227627G>A,NM_000051.4:c.3G>A,11,108227627,G,A,ATM,pathogenic
NC_000011.10:g.108227631C>T,NM_000051.4:c.7C>T,11,108227631,C,T,ATM,benign
NC_000011.10:g.108227632del,NM_000051.4:c.8del,11,108227631,CT,C,ATM,pathogenic
NC_000011.10:g.108227633A>C,NM_000051.4:c.9A>C,11,108227633,A,C,ATM,benign
NC_000011.10:g.108227633A>G,NM_000051.4:c.9A>G,11,108227633,A,G,ATM,benign
NC_000011.10:g.108227636A>G,NM_000051.4:c.12A>G,11,108227636,A,G,ATM,benign
NC_000011.10:g.108227638_108227639delinsTTT,NM_000051.4:c.15dup,11,108227637,CTT,CTTT,ATM,pathogenic
NC_000011.10:g.108227638_108227639delinsT,NM_000051.4:c.15del,11,108227637,CTT,CT,ATM,pathogenic
NC_000011.10:g.108227638_108227645del,NM_000051.4:c.14_21del,11,108227637,CTTAATGAT,C,ATM,pathogenic
NC_000011.10:g.108227640_108227641delinsAAA,NM_000051.4:c.17dup,11,108227639,TAA,TAAA,ATM,pathogenic
NC_000011.10:g.108227639T>G,NM_000051.4:c.15T>G,11,108227639,T,G,ATM,benign
NC_000011.10:g.108227640_108227644delinsA,NM_000051.4:c.17_20del,11,108227639,TAATGA,TA,ATM,pathogenic
NC_000011.10:g.108227642T>C,NM_000051.4:c.18T>C,11,108227642,T,C,ATM,benign
NC_000011.10:g.108227646C>T,NM_000051.4:c.22C>T,11,108227646,C,T,ATM,benign
NC_000011.10:g.108227648G>A,NM_000051.4:c.24G>A,11,108227648,G,A,ATM,benign
NC_000011.10:g.108227650_108227651delinsT,NM_000051.4:c.27del,11,108227649,CTT,CT,ATM,pathogenic
NC_000011.10:g.108227651T>C,NM_000051.4:c.27T>C,11,108227651,T,C,ATM,benign
NC_000011.10:g.108227651delinsCC,NM_000051.4:c.27delinsCC,11,108227650,TT,TCC,ATM,pathogenic
NC_000011.10:g.108227654C>T,NM_000051.4:c.30C>T,11,108227654,C,T,ATM,benign
NC_000011.10:g.108227654C>A,NM_000051.4:c.30C>A,11,108227654,C,A,ATM,benign
NC_000011.10:g.108227660_108227673delinsC,NM_000051.4:c.37_49del,11,108227659,GCCGTCAACTAGAAC,GC,ATM,pathogenic
NC_000011.10:g.108227660C>A,NM_000051.4:c.36C>A,11,108227660,C,A,ATM,pathogenic
NC_000011.10:g.108227660C>T,NM_000051.4:c.36C>T,11,108227660,C,T,ATM,benign
NC_000011.10:g.108227664C>T,NM_000051.4:c.40C>T,11,108227664,C,T,ATM,pathogenic
NC_000011.10:g.108227666A>G,NM_000051.4:c.42A>G,11,108227666,A,G,ATM,benign
NC_000011.10:g.108227667C>T,NM_000051.4:c.43C>T,11,108227667,C,T,ATM,benign
NC_000011.10:g.108227667del,NM_000051.4:c.43del,11,108227666,AC,A,ATM,pathogenic
NC_000011.10:g.108227669A>G,NM_000051.4:c.45A>G,11,108227669,A,G,ATM,benign
NC_000011.10:g.108227670G>T,NM_000051.4:c.46G>T,11,108227670,G,T,ATM,pathogenic
NC_000011.10:g.108227672A>G,NM_000051.4:c.48A>G,11,108227672,A,G,ATM,benign
NC_000011.10:g.108227674_108227675del,NM_000051.4:c.50_51del,11,108227673,CAT,C,ATM,pathogenic
NC_000011.10:g.108227675T>C,NM_000051.4:c.51T>C,11,108227675,T,C,ATM,benign
NC_000011.10:g.108227678T>C,NM_000051.4:c.54T>C,11,108227678,T,C,ATM,benign
NC_000011.10:g.108227681A>G,NM_000051.4:c.57A>G,11,108227681,A,G,ATM,benign
NC_000011.10:g.108227683C>G,NM_000051.4:c.59C>G,11,108227683,C,G,ATM,pathogenic
NC_000011.10:g.108227684T>C,NM_000051.4:c.60T>C,11,108227684,T,C,ATM,benign
NC_000011.10:g.108227686_108227687del,NM_000051.4:c.62_63del,11,108227685,ACA,A,ATM,pathogenic
NC_000011.10:g.108227687A>G,NM_000051.4:c.63A>G,11,108227687,A,G,ATM,benign
NC_000011.10:g.108227689_108227690delinsA,NM_000051.4:c.66del,11,108227688,GAA,GA,ATM,pathogenic
NC_000011.10:g.108227690A>G,NM_000051.4:c.66A>G,11,108227690,A,G,ATM,benign
NC_000011.10:g.108227691C>A,NM_000051.4:c.67C>A,11,108227691,C,A,ATM,benign
NC_000011.10:g.108227691C>T,NM_000051.4:c.67C>T,11,108227691,C,T,ATM,pathogenic
NC_000011.10:g.108227696_108227713del,NM_000051.4:c.72_72+17del,11,108227695,AGGTAGTAAATTACTTAAA,A,ATM,pathogenic
NC_000011.10:g.108227693A>T,NM_000051.4:c.69A>T,11,108227693,A,T,ATM,benign
NC_000011.10:g.108227693_108227695delinsAA,NM_000051.4:c.71del,11,108227692,GAAA,GAA,ATM,pathogenic
NC_000011.10:g.108227696G>A,NM_000051.4:c.72G>A,11,108227696,G,A,ATM,pathogenic
NC_000011.10:g.108227696G>C,NM_000051.4:c.72G>C,11,108227696,G,C,ATM,pathogenic
NC_000011.10:g.108227696_108227697delinsG,NM_000051.4:c.72+1del,11,108227695,AGG,AG,ATM,pathogenic
NC_000011.10:g.108227697G>T,NM_000051.4:c.72+1G>T,11,108227697,G,T,ATM,pathogenic
NC_000011.10:g.108227697G>A,NM_000051.4:c.72+1G>A,11,108227697,G,A,ATM,pathogenic
NC_000011.10:g.108227698T>C,NM_000051.4:c.72+2T>C,11,108227698,T,C,ATM,pathogenic
NC_000011.10:g.108227698del,NM_000051.4:c.72+2del,11,108227697,GT,G,ATM,pathogenic
NC_000011.10:g.108227702_108227704delinsAAAA,NM_000051.4:c.72+8dup,11,108227701,TAAA,TAAAA,ATM,benign
NC_000011.10:g.108227701_108227702delinsCTT,NM_000051.4:c.72+5_72+6delinsCTT,11,108227700,GTA,GCTT,ATM,benign
NC_000011.10:g.108227702_108227704delinsAA,NM_000051.4:c.72+8del,11,108227701,TAAA,TAA,ATM,benign
NC_000011.10:g.108227703A>T,NM_000051.4:c.72+7A>T,11,108227703,A,T,ATM,benign
NC_000011.10:g.108227703A>G,NM_000051.4:c.72+7A>G,11,108227703,A,G,ATM,benign
NC_000011.10:g.108227704A>G,NM_000051.4:c.72+8A>G,11,108227704,A,G,ATM,benign
NC_000011.10:g.108227705T>C,NM_000051.4:c.72+9T>C,11,108227705,T,C,ATM,benign
NC_000011.10:g.108227708_108227711del,NM_000051.4:c.72+12_72+15del,11,108227707,ACTTA,A,ATM,benign
NC_000011.10:g.108227706T>C,NM_000051.4:c.72+10T>C,11,108227706,T,C,ATM,benign
NC_000011.10:g.108227708C>T,NM_000051.4:c.72+12C>T,11,108227708,C,T,ATM,benign
NC_000011.10:g.108227711A>C,NM_000051.4:c.72+15A>C,11,108227711,A,C,ATM,benign
NC_000011.10:g.108227712A>C,NM_000051.4:c.72+16A>C,11,108227712,A,C,ATM,benign
NC_000011.10:g.108227713A>G,NM_000051.4:c.72+17A>G,11,108227713,A,G,ATM,benign
NC_000011.10:g.108227715T>C,NM_000051.4:c.72+19T>C,11,108227715,T,C,ATM,benign
NC_000011.10:g.108227715T>A,NM_000051.4:c.72+19T>A,11,108227715,T,A,ATM,benign
NC_000011.10:g.108227716C>A,NM_000051.4:c.72+20C>A,11,108227716,C,A,ATM,benign
NC_000011.10:g.108227716C>T,NM_000051.4:c.72+20C>T,11,108227716,C,T,ATM,benign
NC_000011.10:g.108227716C>G,NM_000051.4:c.72+20C>G,11,108227716,C,G,ATM,benign
NC_000011.10:g.108227718A>T,NM_000051.4:c.72+22A>T,11,108227718,A,T,ATM,benign
NC_000011.10:g.108227733_108227734del,NM_000051.4:c.72+37_72+38del,11,108227732,TAA,T,ATM,benign
NC_000011.10:g.108227751_108227759delinsATTATT,NM_000051.4:c.73-25ATT[2],11,108227750,CATTATTATT,CATTATT,ATM,benign
NC_000011.10:g.108227757A>G,NM_000051.4:c.73-19A>G,11,108227757,A,G,ATM,benign
NC_000011.10:g.108227758T>C,NM_000051.4:c.73-18T>C,11,108227758,T,C,ATM,benign
NC_000011.10:g.108227758T>G,NM_000051.4:c.73-18T>G,11,108227758,T,G,ATM,benign
NC_000011.10:g.108227760T>C,NM_000051.4:c.73-16T>C,11,108227760,T,C,ATM,benign
NC_000011.10:g.108227761C>A,NM_000051.4:c.73-15C>A,11,108227761,C,A,ATM,benign
NC_000011.10:g.108227762C>T,NM_000051.4:c.73-14C>T,11,108227762,C,T,ATM,benign
NC_000011.10:g.108227762C>G,NM_000051.4:c.73-14C>G,11,108227762,C,G,ATM,benign
NC_000011.10:g.108227762C>A,NM_000051.4:c.73-14C>A,11,108227762,C,A,ATM,benign
NC_000011.10:g.108227764T>C,NM_000051.4:c.73-12T>C,11,108227764,T,C,ATM,benign
NC_000011.10:g.108227765T>C,NM_000051.4:c.73-11T>C,11,108227765,T,C,ATM,benign
NC_000011.10:g.108227765T>A,NM_000051.4:c.73-11T>A,11,108227765,T,A,ATM,benign
NC_000011.10:g.108227766T>C,NM_000051.4:c.73-10T>C,11,108227766,T,C,ATM,benign
NC_000011.10:g.108227767T>A,NM_000051.4:c.73-9T>A,11,108227767,T,A,ATM,benign
NC_000011.10:g.108227772T>G,NM_000051.4:c.73-4T>G,11,108227772,T,G,ATM,benign
NC_000011.10:g.108227773C>G,NM_000051.4:c.73-3C>G,11,108227773,C,G,ATM,pathogenic
NC_000011.10:g.108227774_108227782delinsAG,NC_000011.10:g.108227776_108227782del,11,108227773,CAGAAAGAAG,CAG,ATM,pathogenic
NC_000011.10:g.108227774A>G,NM_000051.4:c.73-2A>G,11,108227774,A,G,ATM,pathogenic
NC_000011.10:g.108227778_108227781del,NM_000051.4:c.75_78del,11,108227777,AAGAA,A,ATM,pathogenic
NC_000011.10:g.108227775G>C,NM_000051.4:c.73-1G>C,11,108227775,G,C,ATM,pathogenic
NC_000011.10:g.108227775G>A,NM_000051.4:c.73-1G>A,11,108227775,G,A,ATM,pathogenic
NC_000011.10:g.108227779G>T,NM_000051.4:c.76G>T,11,108227779,G,T,ATM,pathogenic
NC_000011.10:g.108227779_108227782del,NM_000051.4:c.76_79del,11,108227778,AGAAG,A,ATM,pathogenic
NC_000011.10:g.108227779G>C,NM_000051.4:c.76G>C,11,108227779,G,C,ATM,benign
NC_000011.10:g.108227781A>G,NM_000051.4:c.78A>G,11,108227781,A,G,ATM,benign
NC_000011.10:g.108227784T>G,NM_000051.4:c.81T>G,11,108227784,T,G,ATM,benign
NC_000011.10:g.108227787_108227788del,NM_000051.4:c.84_85del,11,108227786,AGA,A,ATM,pathogenic
NC_000011.10:g.108227787G>A,NM_000051.4:c.84G>A,11,108227787,G,A,ATM,benign
NC_000011.10:g.108227789_108227792del,NM_000051.4:c.86_89del,11,108227788,AAATT,A,ATM,pathogenic
NC_000011.10:g.108227790A>G,NM_000051.4:c.87A>G,11,108227790,A,G,ATM,benign
NC_000011.10:g.108227791_108227793delinsTT,NM_000051.4:c.90del,11,108227790,ATTT,ATT,ATM,pathogenic
NC_000011.10:g.108227793T>C,NM_000051.4:c.90T>C,11,108227793,T,C,ATM,benign
NC_000011.10:g.108227796G>A,NM_000051.4:c.93G>A,11,108227796,G,A,ATM,benign
NC_000011.10:g.108227798del,NM_000051.4:c.95del,11,108227797,CG,C,ATM,pathogenic
NC_000011.10:g.108227799C>T,NM_000051.4:c.96C>T,11,108227799,C,T,ATM,benign
NC_000011.10:g.108227800C>T,NM_000051.4:c.97C>T,11,108227800,C,T,ATM,benign
NC_000011.10:g.108227802G>A,NM_000051.4:c.99G>A,11,108227802,G,A,ATM,benign
NC_000011.10:g.108227802G>C,NM_000051.4:c.99G>C,11,108227802,G,C,ATM,benign
NC_000011.10:g.108227805T>A,NM_000051.4:c.102T>A,11,108227805,T,A,ATM,benign
NC_000011.10:g.108227806C>A,NM_000051.4:c.103C>A,11,108227806,C,A,ATM,benign
NC_000011.10:g.108227806C>T,NM_000051.4:c.103C>T,11,108227806,C,T,ATM,pathogenic
NC_000011.10:g.108227809_108227816del,NM_000051.4:c.106_113del,11,108227808,AGATCCTGA,A,ATM,pathogenic
NC_000011.10:g.108227808A>G,NM_000051.4:c.105A>G,11,108227808,A,G,ATM,benign
NC_000011.10:g.108227808A>C,NM_000051.4:c.105A>C,11,108227808,A,C,ATM,benign
NC_000011.10:g.108227814T>G,NM_000051.4:c.111T>G,11,108227814,T,G,ATM,benign
NC_000011.10:g.108227816_108227828delinsAAACA,NM_000051.4:c.118_125del,11,108227815,GAAACAATTAAACA,GAAACA,ATM,pathogenic
NC_000011.10:g.108227817A>G,NM_000051.4:c.114A>G,11,108227817,A,G,ATM,benign
NC_000011.10:g.108227820A>G,NM_000051.4:c.117A>G,11,108227820,A,G,ATM,benign
NC_000011.10:g.108227820_108227825delinsAA,NM_000051.4:c.119_122del,11,108227819,CAATTAA,CAA,ATM,pathogenic
NC_000011.10:g.108227824_108227826delinsA,NM_000051.4:c.122_123del,11,108227823,TAAA,TA,ATM,pathogenic
NC_000011.10:g.108227824A>T,NM_000051.4:c.121A>T,11,108227824,A,T,ATM,pathogenic
NC_000011.10:g.108227826A>G,NM_000051.4:c.123A>G,11,108227826,A,G,ATM,benign
NC_000011.10:g.108227827C>T,NM_000051.4:c.124C>T,11,108227827,C,T,ATM,benign
NC_000011.10:g.108227830C>T,NM_000051.4:c.127C>T,11,108227830,C,T,ATM,benign
NC_000011.10:g.108227832A>G,NM_000051.4:c.129A>G,11,108227832,A,G,ATM,benign
NC_000011.10:g.108227835T>C,NM_000051.4:c.132T>C,11,108227835,T,C,ATM,benign
NC_000011.10:g.108227837_108227838delinsGGG,NM_000051.4:c.135dup,11,108227836,CGG,CGGG,ATM,pathogenic
NC_000011.10:g.108227836C>A,NM_000051.4:c.133C>A,11,108227836,C,A,ATM,benign
NC_000011.10:g.108227838G>C,NM_000051.4:c.135G>C,11,108227838,G,C,ATM,benign
NC_000011.10:g.108227838G>T,NM_000051.4:c.135G>T,11,108227838,G,T,ATM,benign
NC_000011.10:g.108227838G>A,NM_000051.4:c.135G>A,11,108227838,G,A,ATM,benign
NC_000011.10:g.108227839C>T,NM_000051.4:c.136C>T,11,108227839,C,T,ATM,benign
NC_000011.10:g.108227841_108227844del,NM_000051.4:c.138_141del,11,108227840,ATTCA,A,ATM,pathogenic
NC_000011.10:g.108227841T>C,NM_000051.4:c.138T>C,11,108227841,T,C,ATM,benign
NC_000011.10:g.108227843C>G,NM_000051.4:c.140C>G,11,108227843,C,G,ATM,pathogenic
NC_000011.10:g.108227847_108227848delinsT,NM_000051.4:c.145del,11,108227846,ATT,AT,ATM,pathogenic
NC_000011.10:g.108227849C>G,NM_000051.4:c.146C>G,11,108227849,C,G,ATM,benign
NC_000011.10:g.108227851_108227852insG,NM_000051.4:c.147_148insG,11,108227851,A,AG,ATM,pathogenic
NC_000011.10:g.108227850C>T,NM_000051.4:c.147C>T,11,108227850,C,T,ATM,benign
NC_000011.10:g.108227853A>G,NM_000051.4:c.150A>G,11,108227853,A,G,ATM,benign
NC_000011.10:g.108227854C>T,NM_000051.4:c.151C>T,11,108227854,C,T,ATM,pathogenic
NC_000011.10:g.108227857G>T,NM_000051.4:c.154G>T,11,108227857,G,T,ATM,pathogenic
NC_000011.10:g.108227860A>T,NM_000051.4:c.157A>T,11,108227860,A,T,ATM,pathogenic
NC_000011.10:g.108227862A>G,NM_000051.4:c.159A>G,11,108227862,A,G,ATM,benign
NC_000011.10:g.108227863del,NM_000051.4:c.160del,11,108227862,AT,A,ATM,pathogenic
NC_000011.10:g.108227864A>T,NM_000051.4:c.161A>T,11,108227864,A,T,ATM,benign
NC_000011.10:g.108227865_108227867delinsTT,NM_000051.4:c.164del,11,108227864,ATTT,ATT,ATM,pathogenic
NC_000011.10:g.108227871T>C,NM_000051.4:c.168T>C,11,108227871,T,C,ATM,benign
NC_000011.10:g.108227873_108227875delinsGG,NM_000051.4:c.172del,11,108227872,TGGG,TGG,ATM,pathogenic
NC_000011.10:g.108227873G>A,NM_000051.4:c.170G>A,11,108227873,G,A,ATM,pathogenic
NC_000011.10:g.108227874G>A,NM_000051.4:c.171G>A,11,108227874,G,A,ATM,pathogenic
NC_000011.10:g.108227880del,NM_000051.4:c.177del,11,108227879,CT,C,ATM,pathogenic
NC_000011.10:g.108227880T>C,NM_000051.4:c.177T>C,11,108227880,T,C,ATM,benign
NC_000011.10:g.108227882_108227886delinsTTTT,NM_000051.4:c.183del,11,108227881,GTTTTT,GTTTT,ATM,pathogenic
NC_000011.10:g.108227888_108227889delinsG,NM_000051.4:c.185+1del,11,108227887,AGG,AG,ATM,pathogenic
NC_000011.10:g.108227889G>A,NM_000051.4:c.185+1G>A,11,108227889,G,A,ATM,pathogenic
NC_000011.10:g.108227895T>C,NM_000051.4:c.185+7T>C,11,108227895,T,C,ATM,benign
NC_000011.10:g.108227896A>G,NM_000051.4:c.185+8A>G,11,108227896,A,G,ATM,benign
NC_000011.10:g.108227897T>G,NM_000051.4:c.185+9T>G,11,108227897,T,G,ATM,benign
NC_000011.10:g.108227898T>C,NM_000051.4:c.185+10T>C,11,108227898,T,C,ATM,benign
NC_000011.10:g.108227898T>G,NM_000051.4:c.185+10T>G,11,108227898,T,G,ATM,benign
NC_000011.10:g.108227902A>G,NM_000051.4:c.185+14A>G,11,108227902,A,G,ATM,benign
NC_000011.10:g.108227904T>G,NM_000051.4:c.185+16T>G,11,108227904,T,G,ATM,benign
NC_000011.10:g.108227904T>C,NM_000051.4:c.185+16T>C,11,108227904,T,C,ATM,benign
NC_000011.10:g.108227906A>C,NM_000051.4:c.185+18A>C,11,108227906,A,C,ATM,benign
NC_000011.10:g.108227912C>T,NM_000051.4:c.185+24C>T,11,108227912,C,T,ATM,benign
NC_000011.10:g.108227919T>C,NM_000051.4:c.185+31T>C,11,108227919,T,C,ATM,benign
NC_000011.10:g.108228134T>A,NM_000051.4:c.185+246T>A,11,108228134,T,A,ATM,benign
NC_000011.10:g.108228155_108228164delinsTTAGTT,NM_000051.4:c.185+273_185+276del,11,108228154,TTTAGTTAGTT,TTTAGTT,ATM,benign
NC_000011.10:g.108229138A>G,NM_000051.4:c.186-40A>G,11,108229138,A,G,ATM,benign
NC_000011.10:g.108229144C>T,NM_000051.4:c.186-34C>T,11,108229144,C,T,ATM,benign
NC_000011.10:g.108229145G>A,NM_000051.4:c.186-33G>A,11,108229145,G,A,ATM,benign
NC_000011.10:g.108229159G>A,NM_000051.4:c.186-19G>A,11,108229159,G,A,ATM,benign
NC_000011.10:g.108229160C>T,NM_000051.4:c.186-18C>T,11,108229160,C,T,ATM,benign
NC_000011.10:g.108229161A>G,NM_000051.4:c.186-17A>G,11,108229161,A,G,ATM,benign
NC_000011.10:g.108229164T>A,NM_000051.4:c.186-14T>A,11,108229164,T,A,ATM,benign
NC_000011.10:g.108229167T>C,NM_000051.4:c.186-11T>C,11,108229167,T,C,ATM,benign
NC_000011.10:g.108229168T>C,NM_000051.4:c.186-10T>C,11,108229168,T,C,ATM,benign
NC_000011.10:g.108229170T>C,NM_000051.4:c.186-8T>C,11,108229170,T,C,ATM,benign
NC_000011.10:g.108229171C>T,NM_000051.4:c.186-7C>T,11,108229171,C,T,ATM,benign
NC_000011.10:g.108229172T>C,NM_000051.4:c.186-6T>C,11,108229172,T,C,ATM,benign
NC_000011.10:g.108229174G>A,NM_000051.4:c.186-4G>A,11,108229174,G,A,ATM,benign
NC_000011.10:g.108229174_108229189delinsGAA,NM_000051.4:c.186-1_197del,11,108229173,TGAAGATTTTTACAGAA,TGAA,ATM,pathogenic
NC_000011.10:g.108229174G>C,NM_000051.4:c.186-4G>C,11,108229174,G,C,ATM,benign
NC_000011.10:g.108229176A>G,NM_000051.4:c.186-2A>G,11,108229176,A,G,ATM,pathogenic
NC_000011.10:g.108229177G>C,NM_000051.4:c.186-1G>C,11,108229177,G,C,ATM,pathogenic
NC_000011.10:g.108229177G>T,NM_000051.4:c.186-1G>T,11,108229177,G,T,ATM,pathogenic
NC_000011.10:g.108229177del,NM_000051.4:c.186-1del,11,108229176,AG,A,ATM,pathogenic
NC_000011.10:g.108229177G>A,NM_000051.4:c.186-1G>A,11,108229177,G,A,ATM,pathogenic
NC_000011.10:g.108229179_108229183delinsTTTTTT,NM_000051.4:c.191dup,11,108229178,ATTTTT,ATTTTTT,ATM,pathogenic
NC_000011.10:g.108229178A>G,NM_000051.4:c.186A>G,11,108229178,A,G,ATM,benign
NC_000011.10:g.108229179_108229183delinsTTTT,NM_000051.4:c.191del,11,108229178,ATTTTT,ATTTT,ATM,pathogenic
NC_000011.10:g.108229181T>C,NM_000051.4:c.189T>C,11,108229181,T,C,ATM,benign
NC_000011.10:g.108229183T>G,NM_000051.4:c.191T>G,11,108229183,T,G,ATM,pathogenic
NC_000011.10:g.108229184_108229184delinsAA,NM_000051.4:c.192dup,11,108229183,TA,TAA,ATM,pathogenic
NC_000011.10:g.108229184A>G,NM_000051.4:c.192A>G,11,108229184,A,G,ATM,benign
NC_000011.10:g.108229185C>T,NM_000051.4:c.193C>T,11,108229185,C,T,ATM,pathogenic
NC_000011.10:g.108229188_108229190delinsAAAA,NM_000051.4:c.198dup,11,108229187,GAAA,GAAAA,ATM,pathogenic
NC_000011.10:g.108229188A>T,NM_000051.4:c.196A>T,11,108229188,A,T,ATM,pathogenic
NC_000011.10:g.108229189A>G,NM_000051.4:c.197A>G,11,108229189,A,G,ATM,benign
NC_000011.10:g.108229190_108229195delinsATAT,NM_000051.4:c.202_203del,11,108229189,AATATAT,AATAT,ATM,pathogenic
NC_000011.10:g.108229190A>G,NM_000051.4:c.198A>G,11,108229190,A,G,ATM,benign
NC_000011.10:g.108229193T>G,NM_000051.4:c.201T>G,11,108229193,T,G,ATM,pathogenic
NC_000011.10:g.108229193T>C,NM_000051.4:c.201T>C,11,108229193,T,C,ATM,benign
NC_000011.10:g.108229196T>C,NM_000051.4:c.204T>C,11,108229196,T,C,ATM,benign
NC_000011.10:g.108229197C>T,NM_000051.4:c.205C>T,11,108229197,C,T,ATM,pathogenic
NC_000011.10:g.108229202A>G,NM_000051.4:c.210A>G,11,108229202,A,G,ATM,benign
NC_000011.10:g.108229203G>T,NM_000051.4:c.211G>T,11,108229203,G,T,ATM,pathogenic
NC_000011.10:g.108229208A>G,NM_000051.4:c.216A>G,11,108229208,A,G,ATM,benign
NC_000011.10:g.108229208_108229210delinsA,NM_000051.4:c.217_218del,11,108229207,CAGA,CA,ATM,pathogenic
NC_000011.10:g.108229209del,NM_000051.4:c.217del,11,108229208,AG,A,ATM,pathogenic
NC_000011.10:g.108229214_108229217del,NM_000051.4:c.222_225del,11,108229213,GTCTG,G,ATM,pathogenic
NC_000011.10:g.108229214T>C,NM_000051.4:c.222T>C,11,108229214,T,C,ATM,benign
NC_000011.10:g.108229217G>T,NM_000051.4:c.225G>T,11,108229217,G,T,ATM,benign
NC_000011.10:g.108229217G>A,NM_000051.4:c.225G>A,11,108229217,G,A,ATM,benign
NC_000011.10:g.108229218A>C,NM_000051.4:c.226A>C,11,108229218,A,C,ATM,benign
NC_000011.10:g.108229221dup,NM_000051.4:c.229dup,11,108229221,A,AA,ATM,pathogenic
NC_000011.10:g.108229220A>G,NM_000051.4:c.228A>G,11,108229220,A,G,ATM,benign
NC_000011.10:g.108229226A>G,NM_000051.4:c.234A>G,11,108229226,A,G,ATM,benign
NC_000011.10:g.108229226_108229229delinsAAA,NM_000051.4:c.237del,11,108229225,CAAAA,CAAA,ATM,pathogenic
NC_000011.10:g.108229229A>G,NM_000051.4:c.237A>G,11,108229229,A,G,ATM,benign
NC_000011.10:g.108229232_108229234delinsAAAA,NM_000051.4:c.242dup,11,108229231,CAAA,CAAAA,ATM,pathogenic
NC_000011.10:g.108229232_108229234delinsAA,NM_000051.4:c.242del,11,108229231,CAAA,CAA,ATM,pathogenic
NC_000011.10:g.108229235T>C,NM_000051.4:c.243T>C,11,108229235,T,C,ATM,benign
NC_000011.10:g.108229237_108229237delinsTT,NM_000051.4:c.245dup,11,108229236,GT,GTT,ATM,pathogenic
NC_000011.10:g.108229238A>C,NM_000051.4:c.246A>C,11,108229238,A,C,ATM,benign
NC_000011.10:g.108229238A>T,NM_000051.4:c.246A>T,11,108229238,A,T,ATM,benign
NC_000011.10:g.108229238A>G,NM_000051.4:c.246A>G,11,108229238,A,G,ATM,benign
NC_000011.10:g.108229240C>A,NM_000051.4:c.248C>A,11,108229240,C,A,ATM,pathogenic
NC_000011.10:g.108229240C>G,NM_000051.4:c.248C>G,11,108229240,C,G,ATM,pathogenic
NC_000011.10:g.108229240del,NM_000051.4:c.248del,11,108229239,TC,T,ATM,pathogenic
NC_000011.10:g.108229241A>T,NM_000051.4:c.249A>T,11,108229241,A,T,ATM,benign
NC_000011.10:g.108229241A>G,NM_000051.4:c.249A>G,11,108229241,A,G,ATM,benign
NC_000011.10:g.108229241A>C,NM_000051.4:c.249A>C,11,108229241,A,C,ATM,benign
NC_000011.10:g.108229244C>T,NM_000051.4:c.252C>T,11,108229244,C,T,ATM,benign
NC_000011.10:g.108229244C>A,NM_000051.4:c.252C>A,11,108229244,C,A,ATM,benign
NC_000011.10:g.108229247A>C,NM_000051.4:c.255A>C,11,108229247,A,C,ATM,benign
NC_000011.10:g.108229247A>G,NM_000051.4:c.255A>G,11,108229247,A,G,ATM,benign
NC_000011.10:g.108229249del,NM_000051.4:c.257del,11,108229248,AC,A,ATM,pathogenic
NC_000011.10:g.108229250A>C,NM_000051.4:c.258A>C,11,108229250,A,C,ATM,benign
NC_000011.10:g.108229250A>G,NM_000051.4:c.258A>G,11,108229250,A,G,ATM,benign
NC_000011.10:g.108229251C>T,NM_000051.4:c.259C>T,11,108229251,C,T,ATM,pathogenic
NC_000011.10:g.108229253A>G,NM_000051.4:c.261A>G,11,108229253,A,G,ATM,benign
NC_000011.10:g.108229256C>T,NM_000051.4:c.264C>T,11,108229256,C,T,ATM,benign
NC_000011.10:g.108229259C>A,NM_000051.4:c.267C>A,11,108229259,C,A,ATM,benign
NC_000011.10:g.108229259C>T,NM_000051.4:c.267C>T,11,108229259,C,T,ATM,benign
NC_000011.10:g.108229262G>A,NM_000051.4:c.270G>A,11,108229262,G,A,ATM,benign
NC_000011.10:g.108229263C>T,NM_000051.4:c.271C>T,11,108229263,C,T,ATM,pathogenic
NC_000011.10:g.108229268A>G,NM_000051.4:c.276A>G,11,108229268,A,G,ATM,benign
NC_000011.10:g.108229273_108229273delinsTT,NM_000051.4:c.281dup,11,108229272,AT,ATT,ATM,pathogenic
NC_000011.10:g.108229275C>T,NM_000051.4:c.283C>T,11,108229275,C,T,ATM,pathogenic
NC_000011.10:g.108229277G>A,NM_000051.4:c.285G>A,11,108229277,G,A,ATM,benign
NC_000011.10:g.108229278G>T,NM_000051.4:c.286G>T,11,108229278,G,T,ATM,pathogenic
NC_000011.10:g.108229280A>G,NM_000051.4:c.288A>G,11,108229280,A,G,ATM,benign
NC_000011.10:g.108229283C>A,NM_000051.4:c.291C>A,11,108229283,C,A,ATM,benign
NC_000011.10:g.108229283C>T,NM_000051.4:c.291C>T,11,108229283,C,T,ATM,benign
NC_000011.10:g.108229286T>C,NM_000051.4:c.294T>C,11,108229286,T,C,ATM,benign
NC_000011.10:g.108229291T>A,NM_000051.4:c.299T>A,11,108229291,T,A,ATM,pathogenic
NC_000011.10:g.108229292G>A,NM_000051.4:c.300G>A,11,108229292,G,A,ATM,benign
NC_000011.10:g.108229295C>G,NM_000051.4:c.303C>G,11,108229295,C,G,ATM,benign
NC_000011.10:g.108229295C>T,NM_000051.4:c.303C>T,11,108229295,C,T,ATM,benign
NC_000011.10:g.108229298A>G,NM_000051.4:c.306A>G,11,108229298,A,G,ATM,benign
NC_000011.10:g.108229301C>T,NM_000051.4:c.309C>T,11,108229301,C,T,ATM,benign
NC_000011.10:g.108229304C>T,NM_000051.4:c.312C>T,11,108229304,C,T,ATM,benign
NC_000011.10:g.108229308_108229310delinsAAAA,NM_000051.4:c.318dup,11,108229307,CAAA,CAAAA,ATM,pathogenic
NC_000011.10:g.108229307C>T,NM_000051.4:c.315C>T,11,108229307,C,T,ATM,benign
NC_000011.10:g.108229308A>T,NM_000051.4:c.316A>T,11,108229308,A,T,ATM,pathogenic
NC_000011.10:g.108229308_108229310delinsAA,NM_000051.4:c.318del,11,108229307,CAAA,CAA,ATM,pathogenic
NC_000011.10:g.108229312_108229312delinsGG,NM_000051.4:c.320dup,11,108229311,TG,TGG,ATM,pathogenic
NC_000011.10:g.108229313T>A,NM_000051.4:c.321T>A,11,108229313,T,A,ATM,pathogenic
NC_000011.10:g.108229316_108229318delinsAAAA,NM_000051.4:c.326dup,11,108229315,CAAA,CAAAA,ATM,pathogenic
NC_000011.10:g.108229316_108229318delinsA,NM_000051.4:c.325_326del,11,108229315,CAAA,CA,ATM,pathogenic
NC_000011.10:g.108229316A>G,NM_000051.4:c.324A>G,11,108229316,A,G,ATM,benign
NC_000011.10:g.108229324G>C,NM_000051.4:c.331+1G>C,11,108229324,G,C,ATM,pathogenic
NC_000011.10:g.108229325_108229330del,NM_000051.4:c.331+2_331+7del,11,108229324,GTAAGTG,G,ATM,pathogenic
NC_000011.10:g.108229324G>A,NM_000051.4:c.331+1G>A,11,108229324,G,A,ATM,pathogenic
NC_000011.10:g.108229325T>C,NM_000051.4:c.331+2T>C,11,108229325,T,C,ATM,pathogenic
NC_000011.10:g.108229325T>G,NM_000051.4:c.331+2T>G,11,108229325,T,G,ATM,pathogenic
NC_000011.10:g.108229328G>A,NM_000051.4:c.331+5G>A,11,108229328,G,A,ATM,pathogenic
NC_000011.10:g.108229331A>G,NM_000051.4:c.331+8A>G,11,108229331,A,G,ATM,benign
NC_000011.10:g.108229333G>C,NM_000051.4:c.331+10G>C,11,108229333,G,C,ATM,benign
NC_000011.10:g.108229333G>A,NM_000051.4:c.331+10G>A,11,108229333,G,A,ATM,benign
NC_000011.10:g.108229334T>C,NM_000051.4:c.331+11T>C,11,108229334,T,C,ATM,benign
NC_000011.10:g.108229334_108229348delinsTTATAAAT,NM_000051.4:c.331+19_331+25del,11,108229333,GTTATAAATTATAAAT,GTTATAAAT,ATM,benign
NC_000011.10:g.108229335T>C,NM_000051.4:c.331+12T>C,11,108229335,T,C,ATM,benign
NC_000011.10:g.108229336A>G,NM_000051.4:c.331+13A>G,11,108229336,A,G,ATM,benign
NC_000011.10:g.108229340A>T,NM_000051.4:c.331+17A>T,11,108229340,A,T,ATM,benign
NC_000011.10:g.108229340A>G,NM_000051.4:c.331+17A>G,11,108229340,A,G,ATM,benign
NC_000011.10:g.108229341T>C,NM_000051.4:c.331+18T>C,11,108229341,T,C,ATM,benign
NC_000011.10:g.108229341T>G,NM_000051.4:c.331+18T>G,11,108229341,T,G,ATM,benign
NC_000011.10:g.108229342T>G,NM_000051.4:c.331+19T>G,11,108229342,T,G,ATM,benign
NC_000011.10:g.108229342_108229349delinsTA,NM_000051.4:c.331+21_331+26del,11,108229341,TTATAAATA,TTA,ATM,benign
NC_000011.10:g.108229343A>G,NM_000051.4:c.331+20A>G,11,108229343,A,G,ATM,benign
NC_000011.10:g.108229360C>T,NM_000051.4:c.331+37C>T,11,108229360,C,T,ATM,benign
NC_000011.10:g.108229371C>T,NM_000051.4:c.331+48C>T,11,108229371,C,T,ATM,benign
NC_000011.10:g.108234661A>G,NM_000051.4:c.332-1009A>G,11,108234661,A,G,ATM,benign
NC_000011.10:g.108235512T>A,NM_000051.4:c.332-158T>A,11,108235512,T,A,ATM,benign
NC_000011.10:g.108235599A>G,NM_000051.4:c.332-71A>G,11,108235599,A,G,ATM,benign
NC_000011.10:g.108235650A>C,NM_000051.4:c.332-20A>C,11,108235650,A,C,ATM,benign
NC_000011.10:g.108235650A>T,NM_000051.4:c.332-20A>T,11,108235650,A,T,ATM,benign
NC_000011.10:g.108235650A>G,NM_000051.4:c.332-20A>G,11,108235650,A,G,ATM,benign
NC_000011.10:g.108235651_108235657delinsTTT,NM_000051.4:c.332-16_332-13del,11,108235650,ATTTGTTT,ATTT,ATM,benign
NC_000011.10:g.108235654G>T,NM_000051.4:c.332-16G>T,11,108235654,G,T,ATM,benign
NC_000011.10:g.108235654G>C,NM_000051.4:c.332-16G>C,11,108235654,G,C,ATM,benign
NC_000011.10:g.108235655T>G,NM_000051.4:c.332-15T>G,11,108235655,T,G,ATM,benign
NC_000011.10:g.108235658A>C,NM_000051.4:c.332-12A>C,11,108235658,A,C,ATM,benign
NC_000011.10:g.108235659T>A,NM_000051.4:c.332-11T>A,11,108235659,T,A,ATM,benign
NC_000011.10:g.108235659T>C,NM_000051.4:c.332-11T>C,11,108235659,T,C,ATM,benign
NC_000011.10:g.108235662T>C,NM_000051.4:c.332-8T>C,11,108235662,T,C,ATM,benign
NC_000011.10:g.108235663G>C,NM_000051.4:c.332-7G>C,11,108235663,G,C,ATM,benign
NC_000011.10:g.108235664A>G,NM_000051.4:c.332-6A>G,11,108235664,A,G,ATM,benign
NC_000011.10:g.108235667_108235685del,NM_000051.4:c.332-3_347del,11,108235666,ATAGGAGCACCTAGGCTAAA,A,ATM,pathogenic
NC_000011.10:g.108235665A>T,NM_000051.4:c.332-5A>T,11,108235665,A,T,ATM,benign
NC_000011.10:g.108235666A>T,NM_000051.4:c.332-4A>T,11,108235666,A,T,ATM,benign
NC_000011.10:g.108235669G>C,NM_000051.4:c.332-1G>C,11,108235669,G,C,ATM,pathogenic
NC_000011.10:g.108235669G>A,NM_000051.4:c.332-1G>A,11,108235669,G,A,ATM,pathogenic
NC_000011.10:g.108235671A>G,NM_000051.4:c.333A>G,11,108235671,A,G,ATM,benign
NC_000011.10:g.108235672del,NM_000051.4:c.334del,11,108235671,AG,A,ATM,pathogenic
NC_000011.10:g.108235674A>G,NM_000051.4:c.336A>G,11,108235674,A,G,ATM,benign
NC_000011.10:g.108235674A>T,NM_000051.4:c.336A>T,11,108235674,A,T,ATM,benign
NC_000011.10:g.108235675_108235676delinsC,NM_000051.4:c.338del,11,108235674,ACC,AC,ATM,pathogenic
NC_000011.10:g.108235677T>G,NM_000051.4:c.339T>G,11,108235677,T,G,ATM,benign
NC_000011.10:g.108235677T>C,NM_000051.4:c.339T>C,11,108235677,T,C,ATM,benign
NC_000011.10:g.108235678A>C,NM_000051.4:c.340A>C,11,108235678,A,C,ATM,benign
NC_000011.10:g.108235680del,NM_000051.4:c.342del,11,108235679,GG,G,ATM,pathogenic
NC_000011.10:g.108235680G>A,NM_000051.4:c.342G>A,11,108235680,G,A,ATM,benign
NC_000011.10:g.108235681C>T,NM_000051.4:c.343C>T,11,108235681,C,T,ATM,benign
NC_000011.10:g.108235683A>C,NM_000051.4:c.345A>C,11,108235683,A,C,ATM,benign
NC_000011.10:g.108235683A>G,NM_000051.4:c.345A>G,11,108235683,A,G,ATM,benign
NC_000011.10:g.108235690C>T,NM_000051.4:c.352C>T,11,108235690,C,T,ATM,pathogenic
NC_000011.10:g.108235698C>T,NM_000051.4:c.360C>T,11,108235698,C,T,ATM,benign
NC_000011.10:g.108235698C>G,NM_000051.4:c.360C>G,11,108235698,C,G,ATM,benign
NC_000011.10:g.108235699T>C,NM_000051.4:c.361T>C,11,108235699,T,C,ATM,benign
NC_000011.10:g.108235699_108235706delinsTTA,NM_000051.4:c.364_368del,11,108235698,CTTAAATTA,CTTA,ATM,pathogenic
NC_000011.10:g.108235700T>A,NM_000051.4:c.362T>A,11,108235700,T,A,ATM,pathogenic
NC_000011.10:g.108235701_108235703delinsAA,NM_000051.4:c.365del,11,108235700,TAAA,TAA,ATM,pathogenic
NC_000011.10:g.108235704T>C,NM_000051.4:c.366T>C,11,108235704,T,C,ATM,benign
NC_000011.10:g.108235706_108235712delinsAT,NM_000051.4:c.370_374del,11,108235705,TATATCAT,TAT,ATM,pathogenic
NC_000011.10:g.108235706del,NM_000051.4:c.368del,11,108235705,TA,T,ATM,pathogenic
NC_000011.10:g.108235707T>C,NM_000051.4:c.369T>C,11,108235707,T,C,ATM,benign
NC_000011.10:g.108235708A>G,NM_000051.4:c.370A>G,11,108235708,A,G,ATM,benign
NC_000011.10:g.108235710C>T,NM_000051.4:c.372C>T,11,108235710,C,T,ATM,benign
NC_000011.10:g.108235710C>A,NM_000051.4:c.372C>A,11,108235710,C,A,ATM,benign
NC_000011.10:g.108235713_108235720delinsG,NM_000051.4:c.376_382del,11,108235712,TGGATACAG,TG,ATM,pathogenic
NC_000011.10:g.108235716del,NM_000051.4:c.378del,11,108235715,AT,A,ATM,pathogenic
NC_000011.10:g.108235716T>A,NM_000051.4:c.378T>A,11,108235716,T,A,ATM,benign
NC_000011.10:g.108235719A>C,NM_000051.4:c.381A>C,11,108235719,A,C,ATM,benign
NC_000011.10:g.108235719A>G,NM_000051.4:c.381A>G,11,108235719,A,G,ATM,benign
NC_000011.10:g.108235722G>A,NM_000051.4:c.384G>A,11,108235722,G,A,ATM,benign
NC_000011.10:g.108235723_108235725delinsAAAA,NM_000051.4:c.387dup,11,108235722,GAAA,GAAAA,ATM,pathogenic
NC_000011.10:g.108235722G>C,NM_000051.4:c.384G>C,11,108235722,G,C,ATM,benign
NC_000011.10:g.108235723_108235725delinsAA,NM_000051.4:c.387del,11,108235722,GAAA,GAA,ATM,pathogenic
NC_000011.10:g.108235728_108235729delinsTTT,NM_000051.4:c.391dup,11,108235727,ATT,ATTT,ATM,pathogenic
NC_000011.10:g.108235728T>C,NM_000051.4:c.390T>C,11,108235728,T,C,ATM,benign
NC_000011.10:g.108235730C>G,NM_000051.4:c.392C>G,11,108235730,C,G,ATM,pathogenic
NC_000011.10:g.108235730C>A,NM_000051.4:c.392C>A,11,108235730,C,A,ATM,pathogenic
NC_000011.10:g.108235731A>G,NM_000051.4:c.393A>G,11,108235731,A,G,ATM,benign
NC_000011.10:g.108235737T>C,NM_000051.4:c.399T>C,11,108235737,T,C,ATM,benign
NC_000011.10:g.108235740T>C,NM_000051.4:c.402T>C,11,108235740,T,C,ATM,benign
NC_000011.10:g.108235740T>G,NM_000051.4:c.402T>G,11,108235740,T,G,ATM,benign
NC_000011.10:g.108235743T>A,NM_000051.4:c.405T>A,11,108235743,T,A,ATM,benign
NC_000011.10:g.108235743T>C,NM_000051.4:c.405T>C,11,108235743,T,C,ATM,benign
NC_000011.10:g.108235743T>G,NM_000051.4:c.405T>G,11,108235743,T,G,ATM,benign
NC_000011.10:g.108235746T>A,NM_000051.4:c.408T>A,11,108235746,T,A,ATM,benign
NC_000011.10:g.108235749C>G,NM_000051.4:c.411C>G,11,108235749,C,G,ATM,pathogenic
NC_000011.10:g.108235749C>A,NM_000051.4:c.411C>A,11,108235749,C,A,ATM,pathogenic
NC_000011.10:g.108235755T>A,NM_000051.4:c.417T>A,11,108235755,T,A,ATM,benign
NC_000011.10:g.108235755del,NM_000051.4:c.417del,11,108235754,CT,C,ATM,pathogenic
NC_000011.10:g.108235758T>C,NM_000051.4:c.420T>C,11,108235758,T,C,ATM,benign
NC_000011.10:g.108235760dup,NM_000051.4:c.422dup,11,108235760,G,GG,ATM,pathogenic
NC_000011.10:g.108235761T>A,NM_000051.4:c.423T>A,11,108235761,T,A,ATM,pathogenic
NC_000011.10:g.108235764C>T,NM_000051.4:c.426C>T,11,108235764,C,T,ATM,benign
NC_000011.10:g.108235767C>T,NM_000051.4:c.429C>T,11,108235767,C,T,ATM,benign
NC_000011.10:g.108235770_108235770delinsAA,NM_000051.4:c.432dup,11,108235769,TA,TAA,ATM,pathogenic
NC_000011.10:g.108235770_108235782delinsAC,NM_000051.4:c.434_444del,11,108235769,TACTACTCAAAGAC,TAC,ATM,pathogenic
NC_000011.10:g.108235770A>T,NM_000051.4:c.432A>T,11,108235770,A,T,ATM,benign
NC_000011.10:g.108235770del,NM_000051.4:c.432del,11,108235769,TA,T,ATM,pathogenic
NC_000011.10:g.108235771C>T,NM_000051.4:c.433C>T,11,108235771,C,T,ATM,benign
NC_000011.10:g.108235772_108235775del,NM_000051.4:c.434_437del,11,108235771,CTACT,C,ATM,pathogenic
NC_000011.10:g.108235773A>C,NM_000051.4:c.435A>C,11,108235773,A,C,ATM,benign
NC_000011.10:g.108235773A>G,NM_000051.4:c.435A>G,11,108235773,A,G,ATM,benign
NC_000011.10:g.108235778_108235781dup,NM_000051.4:c.440_443dup,11,108235781,A,AAAGA,ATM,pathogenic
NC_000011.10:g.108235776C>T,NM_000051.4:c.438C>T,11,108235776,C,T,ATM,benign
NC_000011.10:g.108235776C>G,NM_000051.4:c.438C>G,11,108235776,C,G,ATM,benign
NC_000011.10:g.108235777_108235779delinsAAAA,NM_000051.4:c.441dup,11,108235776,CAAA,CAAAA,ATM,pathogenic
NC_000011.10:g.108235777_108235779delinsA,NM_000051.4:c.440_441del,11,108235776,CAAA,CA,ATM,pathogenic
NC_000011.10:g.108235779A>G,NM_000051.4:c.441A>G,11,108235779,A,G,ATM,benign
NC_000011.10:g.108235782C>T,NM_000051.4:c.444C>T,11,108235782,C,T,ATM,benign
NC_000011.10:g.108235782_108235788del,NM_000051.4:c.444_450del,11,108235781,ACATTCTT,A,ATM,pathogenic
NC_000011.10:g.108235784_108235791delinsTTCT,NM_000051.4:c.450_453del,11,108235783,ATTCTTTCT,ATTCT,ATM,pathogenic
NC_000011.10:g.108235788T>A,NM_000051.4:c.450T>A,11,108235788,T,A,ATM,benign
NC_000011.10:g.108235791T>C,NM_000051.4:c.453T>C,11,108235791,T,C,ATM,benign
NC_000011.10:g.108235792del,NM_000051.4:c.454del,11,108235791,TG,T,ATM,pathogenic
NC_000011.10:g.108235797A>G,NM_000051.4:c.459A>G,11,108235797,A,G,ATM,benign
NC_000011.10:g.108235800A>G,NM_000051.4:c.462A>G,11,108235800,A,G,ATM,benign
NC_000011.10:g.108235803C>A,NM_000051.4:c.465C>A,11,108235803,C,A,ATM,pathogenic
NC_000011.10:g.108235803C>G,NM_000051.4:c.465C>G,11,108235803,C,G,ATM,pathogenic
NC_000011.10:g.108235803C>T,NM_000051.4:c.465C>T,11,108235803,C,T,ATM,benign
NC_000011.10:g.108235805_108235806delinsG,NM_000051.4:c.468del,11,108235804,TGG,TG,ATM,pathogenic
NC_000011.10:g.108235805G>A,NM_000051.4:c.467G>A,11,108235805,G,A,ATM,pathogenic
NC_000011.10:g.108235806G>A,NM_000051.4:c.468G>A,11,108235806,G,A,ATM,pathogenic
NC_000011.10:g.108235809T>C,NM_000051.4:c.471T>C,11,108235809,T,C,ATM,benign
NC_000011.10:g.108235809T>A,NM_000051.4:c.471T>A,11,108235809,T,A,ATM,pathogenic
NC_000011.10:g.108235811_108235813delinsAA,NM_000051.4:c.475del,11,108235810,GAAA,GAA,ATM,pathogenic
NC_000011.10:g.108235815_108235820delinsA,NM_000051.4:c.478_482del,11,108235814,TATCTCA,TA,ATM,pathogenic
NC_000011.10:g.108235818_108235822del,NM_000051.4:c.480_484del,11,108235817,CTCAGC,C,ATM,pathogenic
NC_000011.10:g.108235818T>A,NM_000051.4:c.480T>A,11,108235818,T,A,ATM,benign
NC_000011.10:g.108235818T>C,NM_000051.4:c.480T>C,11,108235818,T,C,ATM,benign
NC_000011.10:g.108235821G>A,NM_000051.4:c.483G>A,11,108235821,G,A,ATM,benign
NC_000011.10:g.108235822C>T,NM_000051.4:c.484C>T,11,108235822,C,T,ATM,pathogenic
NC_000011.10:g.108235823_108235824delinsA,NM_000051.4:c.486del,11,108235822,CAA,CA,ATM,pathogenic
NC_000011.10:g.108235824A>G,NM_000051.4:c.486A>G,11,108235824,A,G,ATM,benign
NC_000011.10:g.108235825C>T,NM_000051.4:c.487C>T,11,108235825,C,T,ATM,pathogenic
NC_000011.10:g.108235829_108235830delinsGGG,NM_000051.4:c.492dup,11,108235828,TGG,TGGG,ATM,pathogenic
NC_000011.10:g.108235829G>A,NM_000051.4:c.491G>A,11,108235829,G,A,ATM,pathogenic
NC_000011.10:g.108235829_108235850delinsGGTT,NM_000051.4:c.495_496+16del,11,108235828,TGGTTAGGTATGTTTTGAAGGTT,TGGTT,ATM,pathogenic
NC_000011.10:g.108235830G>A,NM_000051.4:c.492G>A,11,108235830,G,A,ATM,pathogenic
NC_000011.10:g.108235831T>C,NM_000051.4:c.493T>C,11,108235831,T,C,ATM,benign
NC_000011.10:g.108235832T>G,NM_000051.4:c.494T>G,11,108235832,T,G,ATM,pathogenic
NC_000011.10:g.108235834_108235835delinsGGGG,NM_000051.4:c.496_496+1dup,11,108235833,AGG,AGGGG,ATM,pathogenic
NC_000011.10:g.108235834G>C,NM_000051.4:c.496G>C,11,108235834,G,C,ATM,pathogenic
NC_000011.10:g.108235834G>T,NM_000051.4:c.496G>T,11,108235834,G,T,ATM,pathogenic
NC_000011.10:g.108235835G>C,NM_000051.4:c.496+1G>C,11,108235835,G,C,ATM,pathogenic
NC_000011.10:g.108235835G>A,NM_000051.4:c.496+1G>A,11,108235835,G,A,ATM,pathogenic
NC_000011.10:g.108235836T>G,NM_000051.4:c.496+2T>G,11,108235836,T,G,ATM,pathogenic
NC_000011.10:g.108235838T>C,NM_000051.4:c.496+4T>C,11,108235838,T,C,ATM,benign
NC_000011.10:g.108235839G>A,NM_000051.4:c.496+5G>A,11,108235839,G,A,ATM,pathogenic
NC_000011.10:g.108235841T>G,NM_000051.4:c.496+7T>G,11,108235841,T,G,ATM,benign
NC_000011.10:g.108235842T>C,NM_000051.4:c.496+8T>C,11,108235842,T,C,ATM,benign
NC_000011.10:g.108235843T>C,NM_000051.4:c.496+9T>C,11,108235843,T,C,ATM,benign
NC_000011.10:g.108235843T>G,NM_000051.4:c.496+9T>G,11,108235843,T,G,ATM,benign
NC_000011.10:g.108235844G>A,NM_000051.4:c.496+10G>A,11,108235844,G,A,ATM,benign
NC_000011.10:g.108235845A>G,NM_000051.4:c.496+11A>G,11,108235845,A,G,ATM,benign
NC_000011.10:g.108235845A>C,NM_000051.4:c.496+11A>C,11,108235845,A,C,ATM,benign
NC_000011.10:g.108235848G>C,NM_000051.4:c.496+14G>C,11,108235848,G,C,ATM,benign
NC_000011.10:g.108235850T>C,NM_000051.4:c.496+16T>C,11,108235850,T,C,ATM,benign
NC_000011.10:g.108235850T>G,NM_000051.4:c.496+16T>G,11,108235850,T,G,ATM,benign
NC_000011.10:g.108235851G>T,NM_000051.4:c.496+17G>T,11,108235851,G,T,ATM,benign
NC_000011.10:g.108235852T>A,NM_000051.4:c.496+18T>A,11,108235852,T,A,ATM,benign
NC_000011.10:g.108235852T>C,NM_000051.4:c.496+18T>C,11,108235852,T,C,ATM,benign
NC_000011.10:g.108235853T>G,NM_000051.4:c.496+19T>G,11,108235853,T,G,ATM,benign
NC_000011.10:g.108235854G>T,NM_000051.4:c.496+20G>T,11,108235854,G,T,ATM,benign
NC_000011.10:g.108235854G>A,NM_000051.4:c.496+20G>A,11,108235854,G,A,ATM,benign
NC_000011.10:g.108235854G>C,NM_000051.4:c.496+20G>C,11,108235854,G,C,ATM,benign
NC_000011.10:g.108235870T>C,NM_000051.4:c.496+36T>C,11,108235870,T,C,ATM,benign
NC_000011.10:g.108236055C>T,NM_000051.4:c.496+221C>T,11,108236055,C,T,ATM,benign
NC_000011.10:g.108236120A>G,NM_000051.4:c.496+286A>G,11,108236120,A,G,ATM,pathogenic
NC_000011.10:g.108236168A>G,NM_000051.4:c.496+334A>G,11,108236168,A,G,ATM,pathogenic
NC_000011.10:g.108236172G>A,NM_000051.4:c.496+338G>A,11,108236172,G,A,ATM,pathogenic
NC_000011.10:g.108241267C>T,NM_000051.4:c.497-2686C>T,11,108241267,C,T,ATM,benign
NC_000011.10:g.108241291A>G,NM_000051.4:c.497-2662A>G,11,108241291,A,G,ATM,benign
NC_000011.10:g.108241291_108241302delinsAAGAAGAAG,NM_000051.4:c.497-2662AAG[3],11,108241290,TAAGAAGAAGAAG,TAAGAAGAAG,ATM,benign
NC_000011.10:g.108241471A>G,NM_000051.4:c.497-2482A>G,11,108241471,A,G,ATM,benign
NC_000011.10:g.108241530T>G,NM_000051.4:c.497-2423T>G,11,108241530,T,G,ATM,benign
NC_000011.10:g.108243637A>G,NM_000051.4:c.497-316A>G,11,108243637,A,G,ATM,benign
NC_000011.10:g.108243779A>G,NM_000051.4:c.497-174A>G,11,108243779,A,G,ATM,benign
NC_000011.10:g.108243905T>G,NM_000051.4:c.497-48T>G,11,108243905,T,G,ATM,benign
NC_000011.10:g.108243907T>C,NM_000051.4:c.497-46T>C,11,108243907,T,C,ATM,benign
NC_000011.10:g.108243931A>G,NM_000051.4:c.497-22A>G,11,108243931,A,G,ATM,benign
NC_000011.10:g.108243933A>G,NM_000051.4:c.497-20A>G,11,108243933,A,G,ATM,benign
NC_000011.10:g.108243933A>T,NM_000051.4:c.497-20A>T,11,108243933,A,T,ATM,benign
NC_000011.10:g.108243934A>T,NM_000051.4:c.497-19A>T,11,108243934,A,T,ATM,benign
NC_000011.10:g.108243934A>G,NM_000051.4:c.497-19A>G,11,108243934,A,G,ATM,benign
NC_000011.10:g.108243935_108243949delinsTTTTTTTTTTTTT,NM_000051.4:c.497-5_497-4del,11,108243934,ATTTTTTTTTTTTTTT,ATTTTTTTTTTTTT,ATM,benign
NC_000011.10:g.108243935T>C,NM_000051.4:c.497-18T>C,11,108243935,T,C,ATM,benign
NC_000011.10:g.108243935_108243949delinsTTTTTTTTTTTTTT,NM_000051.4:c.497-4del,11,108243934,ATTTTTTTTTTTTTTT,ATTTTTTTTTTTTTT,ATM,benign
NC_000011.10:g.108243937T>C,NM_000051.4:c.497-16T>C,11,108243937,T,C,ATM,benign
NC_000011.10:g.108243938T>A,NM_000051.4:c.497-15T>A,11,108243938,T,A,ATM,benign
NC_000011.10:g.108243939_108243940insC,NM_000051.4:c.497-14_497-13insC,11,108243939,T,TC,ATM,benign
NC_000011.10:g.108243939T>A,NM_000051.4:c.497-14T>A,11,108243939,T,A,ATM,benign
NC_000011.10:g.108243945T>C,NM_000051.4:c.497-8T>C,11,108243945,T,C,ATM,benign
NC_000011.10:g.108243946T>A,NM_000051.4:c.497-7T>A,11,108243946,T,A,ATM,benign
NC_000011.10:g.108243946T>C,NM_000051.4:c.497-7T>C,11,108243946,T,C,ATM,benign
NC_000011.10:g.108243946T>G,NM_000051.4:c.497-7T>G,11,108243946,T,G,ATM,benign
NC_000011.10:g.108243949T>C,NM_000051.4:c.497-4T>C,11,108243949,T,C,ATM,benign
NC_000011.10:g.108243949T>G,NM_000051.4:c.497-4T>G,11,108243949,T,G,ATM,benign
NC_000011.10:g.108243951A>G,NM_000051.4:c.497-2A>G,11,108243951,A,G,ATM,pathogenic
NC_000011.10:g.108243951_108243955del,NM_000051.4:c.497-2_499del,11,108243950,AAGAAT,A,ATM,pathogenic
NC_000011.10:g.108243952G>C,NM_000051.4:c.497-1G>C,11,108243952,G,C,ATM,pathogenic
NC_000011.10:g.108243952G>A,NM_000051.4:c.497-1G>A,11,108243952,G,A,ATM,pathogenic
NC_000011.10:g.108243954A>G,NM_000051.4:c.498A>G,11,108243954,A,G,ATM,benign
NC_000011.10:g.108243955T>C,NM_000051.4:c.499T>C,11,108243955,T,C,ATM,benign
NC_000011.10:g.108243957G>A,NM_000051.4:c.501G>A,11,108243957,G,A,ATM,benign
NC_000011.10:g.108243958_108243959delinsT,NM_000051.4:c.503del,11,108243957,GTT,GT,ATM,pathogenic
NC_000011.10:g.108243959T>A,NM_000051.4:c.503T>A,11,108243959,T,A,ATM,benign
NC_000011.10:g.108243960del,NM_000051.4:c.504del,11,108243959,TC,T,ATM,pathogenic
NC_000011.10:g.108243960C>T,NM_000051.4:c.504C>T,11,108243960,C,T,ATM,benign
NC_000011.10:g.108243966_108243967del,NM_000051.4:c.510_511del,11,108243965,TGT,T,ATM,pathogenic
NC_000011.10:g.108243966G>C,NM_000051.4:c.510G>C,11,108243966,G,C,ATM,benign
NC_000011.10:g.108243966G>A,NM_000051.4:c.510G>A,11,108243966,G,A,ATM,benign
NC_000011.10:g.108243969C>G,NM_000051.4:c.513C>G,11,108243969,C,G,ATM,pathogenic
NC_000011.10:g.108243972C>G,NM_000051.4:c.516C>G,11,108243972,C,G,ATM,benign
NC_000011.10:g.108243972C>T,NM_000051.4:c.516C>T,11,108243972,C,T,ATM,benign
NC_000011.10:g.108243973A>C,NM_000051.4:c.517A>C,11,108243973,A,C,ATM,benign
NC_000011.10:g.108243975_108243975delinsGTG,NM_000051.4:c.519_520insTG,11,108243974,GG,GGTG,ATM,pathogenic
NC_000011.10:g.108243978C>T,NM_000051.4:c.522C>T,11,108243978,C,T,ATM,benign
NC_000011.10:g.108243978C>G,NM_000051.4:c.522C>G,11,108243978,C,G,ATM,benign
NC_000011.10:g.108243981T>C,NM_000051.4:c.525T>C,11,108243981,T,C,ATM,benign
NC_000011.10:g.108243981T>A,NM_000051.4:c.525T>A,11,108243981,T,A,ATM,pathogenic
NC_000011.10:g.108243981T>G,NM_000051.4:c.525T>G,11,108243981,T,G,ATM,pathogenic
NC_000011.10:g.108243982C>T,NM_000051.4:c.526C>T,11,108243982,C,T,ATM,benign
NC_000011.10:g.108243990T>C,NM_000051.4:c.534T>C,11,108243990,T,C,ATM,benign
NC_000011.10:g.108243990T>G,NM_000051.4:c.534T>G,11,108243990,T,G,ATM,benign
NC_000011.10:g.108243993A>G,NM_000051.4:c.537A>G,11,108243993,A,G,ATM,benign
NC_000011.10:g.108243993A>C,NM_000051.4:c.537A>C,11,108243993,A,C,ATM,benign
NC_000011.10:g.108243993A>T,NM_000051.4:c.537A>T,11,108243993,A,T,ATM,benign
NC_000011.10:g.108243994C>T,NM_000051.4:c.538C>T,11,108243994,C,T,ATM,pathogenic
NC_000011.10:g.108243995_108243996delinsA,NM_000051.4:c.540del,11,108243994,CAA,CA,ATM,pathogenic
NC_000011.10:g.108244001_108244002delinsTTT,NM_000051.4:c.546dup,11,108244000,GTT,GTTT,ATM,pathogenic
NC_000011.10:g.108244000G>C,NM_000051.4:c.544G>C,11,108244000,G,C,ATM,benign
NC_000011.10:g.108244002T>C,NM_000051.4:c.546T>C,11,108244002,T,C,ATM,benign
NC_000011.10:g.108244002T>G,NM_000051.4:c.546T>G,11,108244002,T,G,ATM,benign
NC_000011.10:g.108244005_108244006del,NM_000051.4:c.549_550del,11,108244004,ATA,A,ATM,pathogenic
NC_000011.10:g.108244005T>C,NM_000051.4:c.549T>C,11,108244005,T,C,ATM,benign
NC_000011.10:g.108244006A>C,NM_000051.4:c.550A>C,11,108244006,A,C,ATM,benign
NC_000011.10:g.108244008A>G,NM_000051.4:c.552A>G,11,108244008,A,G,ATM,benign
NC_000011.10:g.108244011T>C,NM_000051.4:c.555T>C,11,108244011,T,C,ATM,benign
NC_000011.10:g.108244012T>C,NM_000051.4:c.556T>C,11,108244012,T,C,ATM,benign
NC_000011.10:g.108244013T>G,NM_000051.4:c.557T>G,11,108244013,T,G,ATM,pathogenic
NC_000011.10:g.108244014A>G,NM_000051.4:c.558A>G,11,108244014,A,G,ATM,benign
NC_000011.10:g.108244017G>T,NM_000051.4:c.561G>T,11,108244017,G,T,ATM,benign
NC_000011.10:g.108244017_108244018delinsT,NM_000051.4:c.561_562delinsT,11,108244016,TGG,TT,ATM,pathogenic
NC_000011.10:g.108244020T>G,NM_000051.4:c.564T>G,11,108244020,T,G,ATM,benign
NC_000011.10:g.108244020T>C,NM_000051.4:c.564T>C,11,108244020,T,C,ATM,benign
NC_000011.10:g.108244020del,NM_000051.4:c.564del,11,108244019,CT,C,ATM,pathogenic
NC_000011.10:g.108244021A>C,NM_000051.4:c.565A>C,11,108244021,A,C,ATM,benign
NC_000011.10:g.108244022G>A,NM_000051.4:c.566G>A,11,108244022,G,A,ATM,benign
NC_000011.10:g.108244026_108244027delinsAAA,NM_000051.4:c.571dup,11,108244025,TAA,TAAA,ATM,pathogenic
NC_000011.10:g.108244025T>A,NM_000051.4:c.569T>A,11,108244025,T,A,ATM,benign
NC_000011.10:g.108244028_108244029delinsTTT,NM_000051.4:c.573dup,11,108244027,ATT,ATTT,ATM,pathogenic
NC_000011.10:g.108244029T>A,NM_000051.4:c.573T>A,11,108244029,T,A,ATM,benign
NC_000011.10:g.108244032T>C,NM_000051.4:c.576T>C,11,108244032,T,C,ATM,benign
NC_000011.10:g.108244033G>T,NM_000051.4:c.577G>T,11,108244033,G,T,ATM,benign
NC_000011.10:g.108244037_108244038delinsT,NM_000051.4:c.582del,11,108244036,GTT,GT,ATM,pathogenic
NC_000011.10:g.108244039del,NM_000051.4:c.583del,11,108244038,TA,T,ATM,pathogenic
NC_000011.10:g.108244041C>T,NM_000051.4:c.585C>T,11,108244041,C,T,ATM,benign
NC_000011.10:g.108244041C>G,NM_000051.4:c.585C>G,11,108244041,C,G,ATM,benign
NC_000011.10:g.108244043_108244058del,NM_000051.4:c.587_602del,11,108244042,AAAGGATGCTGTTCTCA,A,ATM,pathogenic
NC_000011.10:g.108244042A>G,NM_000051.4:c.586A>G,11,108244042,A,G,ATM,benign
NC_000011.10:g.108244044A>G,NM_000051.4:c.588A>G,11,108244044,A,G,ATM,benign
NC_000011.10:g.108244047A>G,NM_000051.4:c.591A>G,11,108244047,A,G,ATM,benign
NC_000011.10:g.108244050C>T,NM_000051.4:c.594C>T,11,108244050,C,T,ATM,benign
NC_000011.10:g.108244053T>C,NM_000051.4:c.597T>C,11,108244053,T,C,ATM,benign
NC_000011.10:g.108244053T>A,NM_000051.4:c.597T>A,11,108244053,T,A,ATM,pathogenic
NC_000011.10:g.108244056T>G,NM_000051.4:c.600T>G,11,108244056,T,G,ATM,benign
NC_000011.10:g.108244057C>T,NM_000051.4:c.601C>T,11,108244057,C,T,ATM,pathogenic
NC_000011.10:g.108244059G>A,NM_000051.4:c.603G>A,11,108244059,G,A,ATM,benign
NC_000011.10:g.108244062_108244065del,NM_000051.4:c.606_609del,11,108244061,CTGAC,C,ATM,pathogenic
NC_000011.10:g.108244062T>C,NM_000051.4:c.606T>C,11,108244062,T,C,ATM,benign
NC_000011.10:g.108244062_108244074delinsAG,NM_000051.4:c.606_618delinsAG,11,108244061,CTGACGGATTAAAT,CAG,ATM,pathogenic
NC_000011.10:g.108244063del,NM_000051.4:c.607del,11,108244062,TG,T,ATM,pathogenic
NC_000011.10:g.108244066G>T,NM_000051.4:c.610G>T,11,108244066,G,T,ATM,pathogenic
NC_000011.10:g.108244068A>G,NM_000051.4:c.612A>G,11,108244068,A,G,ATM,benign
NC_000011.10:g.108244070T>A,NM_000051.4:c.614T>A,11,108244070,T,A,ATM,pathogenic
NC_000011.10:g.108244070T>G,NM_000051.4:c.614T>G,11,108244070,T,G,ATM,pathogenic
NC_000011.10:g.108244071A>G,NM_000051.4:c.615A>G,11,108244071,A,G,ATM,benign
NC_000011.10:g.108244077del,NM_000051.4:c.621del,11,108244076,CC,C,ATM,pathogenic
NC_000011.10:g.108244077C>T,NM_000051.4:c.621C>T,11,108244077,C,T,ATM,benign
NC_000011.10:g.108244078A>T,NM_000051.4:c.622A>T,11,108244078,A,T,ATM,pathogenic
NC_000011.10:g.108244080A>G,NM_000051.4:c.624A>G,11,108244080,A,G,ATM,benign
NC_000011.10:g.108244081T>G,NM_000051.4:c.625T>G,11,108244081,T,G,ATM,benign
NC_000011.10:g.108244083T>C,NM_000051.4:c.627T>C,11,108244083,T,C,ATM,benign
NC_000011.10:g.108244084T>C,NM_000051.4:c.628T>C,11,108244084,T,C,ATM,benign
NC_000011.10:g.108244086G>A,NM_000051.4:c.630G>A,11,108244086,G,A,ATM,benign
NC_000011.10:g.108244089C>T,NM_000051.4:c.633C>T,11,108244089,C,T,ATM,benign
NC_000011.10:g.108244090_108244096delinsTTTTTTTT,NM_000051.4:c.640dup,11,108244089,CTTTTTTT,CTTTTTTTT,ATM,pathogenic
NC_000011.10:g.108244090_108244096delinsTTTTT,NM_000051.4:c.639_640del,11,108244089,CTTTTTTT,CTTTTT,ATM,pathogenic
NC_000011.10:g.108244090_108244096delinsTTTTTT,NM_000051.4:c.640del,11,108244089,CTTTTTTT,CTTTTTT,ATM,pathogenic
NC_000011.10:g.108244092T>C,NM_000051.4:c.636T>C,11,108244092,T,C,ATM,benign
NC_000011.10:g.108244095T>C,NM_000051.4:c.639T>C,11,108244095,T,C,ATM,benign
NC_000011.10:g.108244097_108244098delinsC,NM_000051.4:c.642del,11,108244096,TCC,TC,ATM,pathogenic
NC_000011.10:g.108244098C>T,NM_000051.4:c.642C>T,11,108244098,C,T,ATM,benign
NC_000011.10:g.108244101G>A,NM_000051.4:c.645G>A,11,108244101,G,A,ATM,benign
NC_000011.10:g.108244102G>A,NM_000051.4:c.646G>A,11,108244102,G,A,ATM,benign
NC_000011.10:g.108244104T>A,NM_000051.4:c.648T>A,11,108244104,T,A,ATM,benign
NC_000011.10:g.108244104T>C,NM_000051.4:c.648T>C,11,108244104,T,C,ATM,benign
NC_000011.10:g.108244104T>G,NM_000051.4:c.648T>G,11,108244104,T,G,ATM,benign
NC_000011.10:g.108244106_108244111delinsT,NM_000051.4:c.651_655del,11,108244105,ATTCAGT,AT,ATM,pathogenic
NC_000011.10:g.108244108C>T,NM_000051.4:c.652C>T,11,108244108,C,T,ATM,pathogenic
NC_000011.10:g.108244110G>A,NM_000051.4:c.654G>A,11,108244110,G,A,ATM,benign
NC_000011.10:g.108244113T>C,NM_000051.4:c.657T>C,11,108244113,T,C,ATM,benign
NC_000011.10:g.108244116G>C,NM_000051.4:c.660G>C,11,108244116,G,C,ATM,benign
NC_000011.10:g.108244116G>T,NM_000051.4:c.660G>T,11,108244116,G,T,ATM,benign
NC_000011.10:g.108244117A>T,NM_000051.4:c.661A>T,11,108244117,A,T,ATM,pathogenic
NC_000011.10:g.108244119G>A,NM_000051.4:c.662+1G>A,11,108244119,G,A,ATM,pathogenic
NC_000011.10:g.108244120T>C,NM_000051.4:c.662+2T>C,11,108244120,T,C,ATM,pathogenic
NC_000011.10:g.108244120_108244130delinsTAATCT,NM_000051.4:c.662+8_662+12del,11,108244119,GTAATCTAATCT,GTAATCT,ATM,benign
NC_000011.10:g.108244125T>C,NM_000051.4:c.662+7T>C,11,108244125,T,C,ATM,benign
NC_000011.10:g.108244128_108244132delinsTCT,NM_000051.4:c.662+13_662+14del,11,108244127,ATCTCT,ATCT,ATM,benign
NC_000011.10:g.108244131C>G,NM_000051.4:c.662+13C>G,11,108244131,C,G,ATM,benign
NC_000011.10:g.108244132T>A,NM_000051.4:c.662+14T>A,11,108244132,T,A,ATM,benign
NC_000011.10:g.108244136T>C,NM_000051.4:c.662+18T>C,11,108244136,T,C,ATM,benign
NC_000011.10:g.108244138T>A,NM_000051.4:c.662+20T>A,11,108244138,T,A,ATM,benign
NC_000011.10:g.108244156T>C,NM_000051.4:c.662+38T>C,11,108244156,T,C,ATM,benign
NC_000011.10:g.108244160T>A,NM_000051.4:c.662+42T>A,11,108244160,T,A,ATM,benign
NC_000011.10:g.108244166C>T,NM_000051.4:c.662+48C>T,11,108244166,C,T,ATM,benign
NC_000011.10:g.108244519C>G,NM_000051.4:c.663-269C>G,11,108244519,C,G,ATM,benign
NC_000011.10:g.108244634_108244644delinsTTTTTTTTTT,NM_000051.4:c.663-144del,11,108244633,ATTTTTTTTTTT,ATTTTTTTTTT,ATM,benign
NC_000011.10:g.108244745T>A,NM_000051.4:c.663-43T>A,11,108244745,T,A,ATM,benign
NC_000011.10:g.108244751C>T,NM_000051.4:c.663-37C>T,11,108244751,C,T,ATM,benign
NC_000011.10:g.108244768G>A,NM_000051.4:c.663-20G>A,11,108244768,G,A,ATM,benign
NC_000011.10:g.108244768G>C,NM_000051.4:c.663-20G>C,11,108244768,G,C,ATM,benign
NC_000011.10:g.108244769C>G,NM_000051.4:c.663-19C>G,11,108244769,C,G,ATM,benign
NC_000011.10:g.108244770T>C,NM_000051.4:c.663-18T>C,11,108244770,T,C,ATM,benign
NC_000011.10:g.108244772G>C,NM_000051.4:c.663-16G>C,11,108244772,G,C,ATM,benign
NC_000011.10:g.108244772G>A,NM_000051.4:c.663-16G>A,11,108244772,G,A,ATM,benign
NC_000011.10:g.108244773T>C,NM_000051.4:c.663-15T>C,11,108244773,T,C,ATM,benign
NC_000011.10:g.108244776G>C,NM_000051.4:c.663-12G>C,11,108244776,G,C,ATM,benign
NC_000011.10:g.108244778T>C,NM_000051.4:c.663-10T>C,11,108244778,T,C,ATM,benign
NC_000011.10:g.108244780C>T,NM_000051.4:c.663-8C>T,11,108244780,C,T,ATM,benign
NC_000011.10:g.108244780C>G,NM_000051.4:c.663-8C>G,11,108244780,C,G,ATM,benign
NC_000011.10:g.108244781T>C,NM_000051.4:c.663-7T>C,11,108244781,T,C,ATM,benign
NC_000011.10:g.108244782T>A,NM_000051.4:c.663-6T>A,11,108244782,T,A,ATM,benign
NC_000011.10:g.108244786A>T,NM_000051.4:c.663-2A>T,11,108244786,A,T,ATM,pathogenic
NC_000011.10:g.108244786A>G,NM_000051.4:c.663-2A>G,11,108244786,A,G,ATM,pathogenic
NC_000011.10:g.108244789C>T,NM_000051.4:c.664C>T,11,108244789,C,T,ATM,pathogenic
NC_000011.10:g.108244790_108244798delinsAAGA,NM_000051.4:c.669_673del,11,108244789,CAAGAAAAGA,CAAGA,ATM,pathogenic
NC_000011.10:g.108244790_108244791delinsA,NM_000051.4:c.666del,11,108244789,CAA,CA,ATM,pathogenic
NC_000011.10:g.108244791A>G,NM_000051.4:c.666A>G,11,108244791,A,G,ATM,benign
NC_000011.10:g.108244792G>T,NM_000051.4:c.667G>T,11,108244792,G,T,ATM,pathogenic
NC_000011.10:g.108244797G>A,NM_000051.4:c.672G>A,11,108244797,G,A,ATM,benign
NC_000011.10:g.108244800C>T,NM_000051.4:c.675C>T,11,108244800,C,T,ATM,benign
NC_000011.10:g.108244803T>G,NM_000051.4:c.678T>G,11,108244803,T,G,ATM,benign
NC_000011.10:g.108244803T>C,NM_000051.4:c.678T>C,11,108244803,T,C,ATM,benign
NC_000011.10:g.108244805C>A,NM_000051.4:c.680C>A,11,108244805,C,A,ATM,pathogenic
NC_000011.10:g.108244805C>G,NM_000051.4:c.680C>G,11,108244805,C,G,ATM,pathogenic
NC_000011.10:g.108244805del,NM_000051.4:c.680del,11,108244804,TC,T,ATM,pathogenic
NC_000011.10:g.108244806A>C,NM_000051.4:c.681A>C,11,108244806,A,C,ATM,benign
NC_000011.10:g.108244806A>G,NM_000051.4:c.681A>G,11,108244806,A,G,ATM,benign
NC_000011.10:g.108244809T>G,NM_000051.4:c.684T>G,11,108244809,T,G,ATM,benign
NC_000011.10:g.108244809T>C,NM_000051.4:c.684T>C,11,108244809,T,C,ATM,benign
NC_000011.10:g.108244810C>A,NM_000051.4:c.685C>A,11,108244810,C,A,ATM,benign
NC_000011.10:g.108244812A>T,NM_000051.4:c.687A>T,11,108244812,A,T,ATM,benign
NC_000011.10:g.108244812A>C,NM_000051.4:c.687A>C,11,108244812,A,C,ATM,benign
NC_000011.10:g.108244812A>G,NM_000051.4:c.687A>G,11,108244812,A,G,ATM,benign
NC_000011.10:g.108244818T>C,NM_000051.4:c.693T>C,11,108244818,T,C,ATM,benign
NC_000011.10:g.108244820del,NM_000051.4:c.695del,11,108244819,AT,A,ATM,pathogenic
NC_000011.10:g.108244821C>A,NM_000051.4:c.696C>A,11,108244821,C,A,ATM,benign
NC_000011.10:g.108244821C>T,NM_000051.4:c.696C>T,11,108244821,C,T,ATM,benign
NC_000011.10:g.108244822_108244823delinsT,NM_000051.4:c.698del,11,108244821,CTT,CT,ATM,pathogenic
NC_000011.10:g.108244824A>G,NM_000051.4:c.699A>G,11,108244824,A,G,ATM,benign
NC_000011.10:g.108244827A>G,NM_000051.4:c.702A>G,11,108244827,A,G,ATM,benign
NC_000011.10:g.108244831_108244832del,NM_000051.4:c.706_707del,11,108244830,TCT,T,ATM,pathogenic
NC_000011.10:g.108244829del,NM_000051.4:c.704del,11,108244828,GC,G,ATM,pathogenic
NC_000011.10:g.108244830T>G,NM_000051.4:c.705T>G,11,108244830,T,G,ATM,benign
NC_000011.10:g.108244830T>C,NM_000051.4:c.705T>C,11,108244830,T,C,ATM,benign
NC_000011.10:g.108244832_108244833delinsTTTT,NM_000051.4:c.707_708dup,11,108244831,CTT,CTTTT,ATM,pathogenic
NC_000011.10:g.108244832_108244833delinsT,NM_000051.4:c.708del,11,108244831,CTT,CT,ATM,pathogenic
NC_000011.10:g.108244833T>C,NM_000051.4:c.708T>C,11,108244833,T,C,ATM,benign
NC_000011.10:g.108244834del,NM_000051.4:c.709del,11,108244833,TA,T,ATM,pathogenic
NC_000011.10:g.108244835del,NM_000051.4:c.710del,11,108244834,AC,A,ATM,pathogenic
NC_000011.10:g.108244836T>C,NM_000051.4:c.711T>C,11,108244836,T,C,ATM,benign
NC_000011.10:g.108244842C>T,NM_000051.4:c.717C>T,11,108244842,C,T,ATM,benign
NC_000011.10:g.108244842_108244845del,NM_000051.4:c.717_720del,11,108244841,TCCTC,T,ATM,pathogenic
NC_000011.10:g.108244845C>G,NM_000051.4:c.720C>G,11,108244845,C,G,ATM,benign
NC_000011.10:g.108244845C>T,NM_000051.4:c.720C>T,11,108244845,C,T,ATM,benign
NC_000011.10:g.108244847_108244848insT,NM_000051.4:c.721_722insT,11,108244846,A,AT,ATM,pathogenic
NC_000011.10:g.108244849_108244866delinsACTTT,NM_000051.4:c.729_741del,11,108244848,GACTTTGGCTGTCAACTTT,GACTTT,ATM,pathogenic
NC_000011.10:g.108244851T>C,NM_000051.4:c.726T>C,11,108244851,T,C,ATM,benign
NC_000011.10:g.108244852T>C,NM_000051.4:c.727T>C,11,108244852,T,C,ATM,benign
NC_000011.10:g.108244857T>C,NM_000051.4:c.732T>C,11,108244857,T,C,ATM,benign
NC_000011.10:g.108244857T>A,NM_000051.4:c.732T>A,11,108244857,T,A,ATM,benign
NC_000011.10:g.108244860C>G,NM_000051.4:c.735C>G,11,108244860,C,G,ATM,benign
NC_000011.10:g.108244860C>T,NM_000051.4:c.735C>T,11,108244860,C,T,ATM,benign
NC_000011.10:g.108244861A>G,NM_000051.4:c.736A>G,11,108244861,A,G,ATM,benign
NC_000011.10:g.108244863C>T,NM_000051.4:c.738C>T,11,108244863,C,T,ATM,benign
NC_000011.10:g.108244864_108244866delinsTTTT,NM_000051.4:c.741dup,11,108244863,CTTT,CTTTT,ATM,pathogenic
NC_000011.10:g.108244864_108244866delinsTT,NM_000051.4:c.741del,11,108244863,CTTT,CTT,ATM,pathogenic
NC_000011.10:g.108244866T>C,NM_000051.4:c.741T>C,11,108244866,T,C,ATM,benign
NC_000011.10:g.108244867C>T,NM_000051.4:c.742C>T,11,108244867,C,T,ATM,pathogenic
NC_000011.10:g.108244869A>C,NM_000051.4:c.744A>C,11,108244869,A,C,ATM,benign
NC_000011.10:g.108244873C>T,NM_000051.4:c.748C>T,11,108244873,C,T,ATM,pathogenic
NC_000011.10:g.108244875A>C,NM_000051.4:c.750A>C,11,108244875,A,C,ATM,benign
NC_000011.10:g.108244875A>G,NM_000051.4:c.750A>G,11,108244875,A,G,ATM,benign
NC_000011.10:g.108244881_108244882del,NM_000051.4:c.756_757del,11,108244880,GTG,G,ATM,pathogenic
NC_000011.10:g.108244878G>T,NM_000051.4:c.753G>T,11,108244878,G,T,ATM,benign
NC_000011.10:g.108244878del,NM_000051.4:c.753del,11,108244877,TG,T,ATM,pathogenic
NC_000011.10:g.108244881T>C,NM_000051.4:c.756T>C,11,108244881,T,C,ATM,benign
NC_000011.10:g.108244882G>T,NM_000051.4:c.757G>T,11,108244882,G,T,ATM,pathogenic
NC_000011.10:g.108244887A>G,NM_000051.4:c.762A>G,11,108244887,A,G,ATM,benign
NC_000011.10:g.108244890A>C,NM_000051.4:c.765A>C,11,108244890,A,C,ATM,benign
NC_000011.10:g.108244890A>G,NM_000051.4:c.765A>G,11,108244890,A,G,ATM,benign
NC_000011.10:g.108244893T>C,NM_000051.4:c.768T>C,11,108244893,T,C,ATM,benign
NC_000011.10:g.108244894G>T,NM_000051.4:c.769G>T,11,108244894,G,T,ATM,pathogenic
NC_000011.10:g.108244896A>G,NM_000051.4:c.771A>G,11,108244896,A,G,ATM,benign
NC_000011.10:g.108244901_108244902delinsT,NM_000051.4:c.777del,11,108244900,CTT,CT,ATM,pathogenic
NC_000011.10:g.108244902T>G,NM_000051.4:c.777T>G,11,108244902,T,G,ATM,benign
NC_000011.10:g.108244902T>A,NM_000051.4:c.777T>A,11,108244902,T,A,ATM,benign
NC_000011.10:g.108244902T>C,NM_000051.4:c.777T>C,11,108244902,T,C,ATM,benign
NC_000011.10:g.108244905C>A,NM_000051.4:c.780C>A,11,108244905,C,A,ATM,benign
NC_000011.10:g.108244905C>G,NM_000051.4:c.780C>G,11,108244905,C,G,ATM,benign
NC_000011.10:g.108244905C>T,NM_000051.4:c.780C>T,11,108244905,C,T,ATM,benign
NC_000011.10:g.108244910T>A,NM_000051.4:c.785T>A,11,108244910,T,A,ATM,pathogenic
NC_000011.10:g.108244911G>A,NM_000051.4:c.786G>A,11,108244911,G,A,ATM,benign
NC_000011.10:g.108244912del,NM_000051.4:c.787del,11,108244911,GC,G,ATM,pathogenic
NC_000011.10:g.108244914T>C,NM_000051.4:c.789T>C,11,108244914,T,C,ATM,benign
NC_000011.10:g.108244917T>C,NM_000051.4:c.792T>C,11,108244917,T,C,ATM,benign
NC_000011.10:g.108244920T>A,NM_000051.4:c.795T>A,11,108244920,T,A,ATM,benign
NC_000011.10:g.108244920T>C,NM_000051.4:c.795T>C,11,108244920,T,C,ATM,benign
NC_000011.10:g.108244922G>A,NM_000051.4:c.797G>A,11,108244922,G,A,ATM,pathogenic
NC_000011.10:g.108244923G>A,NM_000051.4:c.798G>A,11,108244923,G,A,ATM,pathogenic
NC_000011.10:g.108244926T>C,NM_000051.4:c.801T>C,11,108244926,T,C,ATM,benign
NC_000011.10:g.108244927C>T,NM_000051.4:c.802C>T,11,108244927,C,T,ATM,pathogenic
NC_000011.10:g.108244929_108244933delinsACATACATA,NM_000051.4:c.805_808dup,11,108244928,AACATA,AACATACATA,ATM,pathogenic
NC_000011.10:g.108244930_108244930delinsCC,NM_000051.4:c.805dup,11,108244929,AC,ACC,ATM,pathogenic
NC_000011.10:g.108244929A>G,NM_000051.4:c.804A>G,11,108244929,A,G,ATM,benign
NC_000011.10:g.108244949_108244950insTTTTTTTTTTTTTTTTTTTTNNNNNNNNNNTCTATGATTCTTT,NM_000051.4:c.824_825insTTTTTTTTTTTTTTTTTTTTNNNNNNNNNNTCTATGATTCTTT,11,108244949,T,TTTTTTTTTTTTTTTTTTTTTNNNNNNNNNNTCTATGATTCTTT,ATM,pathogenic
NC_000011.10:g.108244947T>C,NM_000051.4:c.822T>C,11,108244947,T,C,ATM,benign
NC_000011.10:g.108244947T>G,NM_000051.4:c.822T>G,11,108244947,T,G,ATM,benign
NC_000011.10:g.108244948T>C,NM_000051.4:c.823T>C,11,108244948,T,C,ATM,benign
NC_000011.10:g.108244950_108244953delinsAAAAA,NM_000051.4:c.828dup,11,108244949,TAAAA,TAAAAA,ATM,pathogenic
NC_000011.10:g.108244950A>G,NM_000051.4:c.825A>G,11,108244950,A,G,ATM,benign
NC_000011.10:g.108244950_108244953delinsAAA,NM_000051.4:c.828del,11,108244949,TAAAA,TAAA,ATM,pathogenic
NC_000011.10:g.108244954del,NM_000051.4:c.829del,11,108244953,AG,A,ATM,pathogenic
NC_000011.10:g.108244954G>T,NM_000051.4:c.829G>T,11,108244954,G,T,ATM,pathogenic
NC_000011.10:g.108244959C>A,NM_000051.4:c.834C>A,11,108244959,C,A,ATM,benign
NC_000011.10:g.108244959C>T,NM_000051.4:c.834C>T,11,108244959,C,T,ATM,benign
NC_000011.10:g.108244962T>C,NM_000051.4:c.837T>C,11,108244962,T,C,ATM,benign
NC_000011.10:g.108244962T>A,NM_000051.4:c.837T>A,11,108244962,T,A,ATM,benign
NC_000011.10:g.108244966_108244970del,NM_000051.4:c.841_845del,11,108244965,TGAATT,T,ATM,pathogenic
NC_000011.10:g.108244965T>A,NM_000051.4:c.840T>A,11,108244965,T,A,ATM,benign
NC_000011.10:g.108244966G>T,NM_000051.4:c.841G>T,11,108244966,G,T,ATM,pathogenic
NC_000011.10:g.108244968A>G,NM_000051.4:c.843A>G,11,108244968,A,G,ATM,benign
NC_000011.10:g.108244969T>C,NM_000051.4:c.844T>C,11,108244969,T,C,ATM,benign
NC_000011.10:g.108244970T>A,NM_000051.4:c.845T>A,11,108244970,T,A,ATM,pathogenic
NC_000011.10:g.108244970T>G,NM_000051.4:c.845T>G,11,108244970,T,G,ATM,pathogenic
NC_000011.10:g.108244971A>G,NM_000051.4:c.846A>G,11,108244971,A,G,ATM,benign
NC_000011.10:g.108244975C>T,NM_000051.4:c.850C>T,11,108244975,C,T,ATM,pathogenic
NC_000011.10:g.108244976_108244977delinsA,NM_000051.4:c.852del,11,108244975,CAA,CA,ATM,pathogenic
NC_000011.10:g.108244977A>G,NM_000051.4:c.852A>G,11,108244977,A,G,ATM,benign
NC_000011.10:g.108244978C>T,NM_000051.4:c.853C>T,11,108244978,C,T,ATM,benign
NC_000011.10:g.108244979del,NM_000051.4:c.854del,11,108244978,CT,C,ATM,pathogenic
NC_000011.10:g.108244980G>A,NM_000051.4:c.855G>A,11,108244980,G,A,ATM,benign
NC_000011.10:g.108244980G>C,NM_000051.4:c.855G>C,11,108244980,G,C,ATM,benign
NC_000011.10:g.108244981C>T,NM_000051.4:c.856C>T,11,108244981,C,T,ATM,pathogenic
NC_000011.10:g.108244986T>C,NM_000051.4:c.861T>C,11,108244986,T,C,ATM,benign
NC_000011.10:g.108244989T>C,NM_000051.4:c.864T>C,11,108244989,T,C,ATM,benign
NC_000011.10:g.108244989del,NM_000051.4:c.864del,11,108244988,AT,A,ATM,pathogenic
NC_000011.10:g.108244992C>A,NM_000051.4:c.867C>A,11,108244992,C,A,ATM,benign
NC_000011.10:g.108244992C>T,NM_000051.4:c.867C>T,11,108244992,C,T,ATM,benign
NC_000011.10:g.108244998T>C,NM_000051.4:c.873T>C,11,108244998,T,C,ATM,benign
NC_000011.10:g.108245000C>T,NM_000051.4:c.875C>T,11,108245000,C,T,ATM,pathogenic
NC_000011.10:g.108245001G>C,NM_000051.4:c.876G>C,11,108245001,G,C,ATM,benign
NC_000011.10:g.108245001G>T,NM_000051.4:c.876G>T,11,108245001,G,T,ATM,benign
NC_000011.10:g.108245001G>A,NM_000051.4:c.876G>A,11,108245001,G,A,ATM,benign
NC_000011.10:g.108245002A>T,NM_000051.4:c.877A>T,11,108245002,A,T,ATM,pathogenic
NC_000011.10:g.108245004A>G,NM_000051.4:c.879A>G,11,108245004,A,G,ATM,benign
NC_000011.10:g.108245005_108245006delinsG,NM_000051.4:c.881del,11,108245004,AGG,AG,ATM,pathogenic
NC_000011.10:g.108245005G>T,NM_000051.4:c.880G>T,11,108245005,G,T,ATM,pathogenic
NC_000011.10:g.108245007A>G,NM_000051.4:c.882A>G,11,108245007,A,G,ATM,benign
NC_000011.10:g.108245010C>T,NM_000051.4:c.885C>T,11,108245010,C,T,ATM,benign
NC_000011.10:g.108245013A>G,NM_000051.4:c.888A>G,11,108245013,A,G,ATM,benign
NC_000011.10:g.108245016C>A,NM_000051.4:c.891C>A,11,108245016,C,A,ATM,benign
NC_000011.10:g.108245016C>T,NM_000051.4:c.891C>T,11,108245016,C,T,ATM,benign
NC_000011.10:g.108245016C>G,NM_000051.4:c.891C>G,11,108245016,C,G,ATM,benign
NC_000011.10:g.108245017C>T,NM_000051.4:c.892C>T,11,108245017,C,T,ATM,pathogenic
NC_000011.10:g.108245019A>G,NM_000051.4:c.894A>G,11,108245019,A,G,ATM,benign
NC_000011.10:g.108245020G>T,NM_000051.4:c.895G>T,11,108245020,G,T,ATM,pathogenic
NC_000011.10:g.108245021_108245025delinsAAAAAA,NM_000051.4:c.900dup,11,108245020,GAAAAA,GAAAAAA,ATM,pathogenic
NC_000011.10:g.108245021_108245025delinsAAAA,NM_000051.4:c.900del,11,108245020,GAAAAA,GAAAA,ATM,pathogenic
NC_000011.10:g.108245022A>G,NM_000051.4:c.897A>G,11,108245022,A,G,ATM,benign
NC_000011.10:g.108245026_108245052delinsG,NM_000051.4:c.901+1_901+26del,11,108245025,AGGTATAAAGGAAATGTTTACTGTTTTG,AG,ATM,pathogenic
NC_000011.10:g.108245027G>C,NM_000051.4:c.901+1G>C,11,108245027,G,C,ATM,pathogenic
NC_000011.10:g.108245027G>T,NM_000051.4:c.901+1G>T,11,108245027,G,T,ATM,pathogenic
NC_000011.10:g.108245027G>A,NM_000051.4:c.901+1G>A,11,108245027,G,A,ATM,pathogenic
NC_000011.10:g.108245028T>G,NM_000051.4:c.901+2T>G,11,108245028,T,G,ATM,pathogenic
NC_000011.10:g.108245028T>C,NM_000051.4:c.901+2T>C,11,108245028,T,C,ATM,pathogenic
NC_000011.10:g.108245028_108245028delinsAA,NM_000051.4:c.901+2delinsAA,11,108245027,GT,GAA,ATM,pathogenic
NC_000011.10:g.108245031A>G,NM_000051.4:c.901+5A>G,11,108245031,A,G,ATM,benign
NC_000011.10:g.108245032A>C,NM_000051.4:c.901+6A>C,11,108245032,A,C,ATM,benign
NC_000011.10:g.108245033A>C,NM_000051.4:c.901+7A>C,11,108245033,A,C,ATM,benign
NC_000011.10:g.108245033A>G,NM_000051.4:c.901+7A>G,11,108245033,A,G,ATM,benign
NC_000011.10:g.108245034G>A,NM_000051.4:c.901+8G>A,11,108245034,G,A,ATM,benign
NC_000011.10:g.108245037A>T,NM_000051.4:c.901+11A>T,11,108245037,A,T,ATM,benign
NC_000011.10:g.108245038A>G,NM_000051.4:c.901+12A>G,11,108245038,A,G,ATM,benign
NC_000011.10:g.108245040G>A,NM_000051.4:c.901+14G>A,11,108245040,G,A,ATM,benign
NC_000011.10:g.108245041T>A,NM_000051.4:c.901+15T>A,11,108245041,T,A,ATM,benign
NC_000011.10:g.108245043T>A,NM_000051.4:c.901+17T>A,11,108245043,T,A,ATM,benign
NC_000011.10:g.108245043T>C,NM_000051.4:c.901+17T>C,11,108245043,T,C,ATM,benign
NC_000011.10:g.108245044A>G,NM_000051.4:c.901+18A>G,11,108245044,A,G,ATM,benign
NC_000011.10:g.108245046T>C,NM_000051.4:c.901+20T>C,11,108245046,T,C,ATM,benign
NC_000011.10:g.108245051T>G,NM_000051.4:c.901+25T>G,11,108245051,T,G,ATM,benign
NC_000011.10:g.108245066A>C,NM_000051.4:c.901+40A>C,11,108245066,A,C,ATM,benign
NC_000011.10:g.108245125C>A,NM_000051.4:c.901+99C>A,11,108245125,C,A,ATM,benign
NC_000011.10:g.108246942A>C,NM_000051.4:c.902-22A>C,11,108246942,A,C,ATM,benign
NC_000011.10:g.108246944T>G,NM_000051.4:c.902-20T>G,11,108246944,T,G,ATM,benign
NC_000011.10:g.108246946T>C,NM_000051.4:c.902-18T>C,11,108246946,T,C,ATM,benign
NC_000011.10:g.108246948_108246949insT,NM_000051.4:c.902-17_902-16insT,11,108246948,A,AT,ATM,benign
NC_000011.10:g.108246947A>T,NM_000051.4:c.902-17A>T,11,108246947,A,T,ATM,benign
NC_000011.10:g.108246948A>C,NM_000051.4:c.902-16A>C,11,108246948,A,C,ATM,benign
NC_000011.10:g.108246949T>C,NM_000051.4:c.902-15T>C,11,108246949,T,C,ATM,benign
NC_000011.10:g.108246954del,NM_000051.4:c.902-10del,11,108246953,TT,T,ATM,benign
NC_000011.10:g.108246950T>G,NM_000051.4:c.902-14T>G,11,108246950,T,G,ATM,benign
NC_000011.10:g.108246952T>C,NM_000051.4:c.902-12T>C,11,108246952,T,C,ATM,benign
NC_000011.10:g.108246954T>C,NM_000051.4:c.902-10T>C,11,108246954,T,C,ATM,benign
NC_000011.10:g.108246956G>T,NM_000051.4:c.902-8G>T,11,108246956,G,T,ATM,benign
NC_000011.10:g.108246957A>T,NM_000051.4:c.902-7A>T,11,108246957,A,T,ATM,benign
NC_000011.10:g.108246957A>G,NM_000051.4:c.902-7A>G,11,108246957,A,G,ATM,benign
NC_000011.10:g.108246960A>G,NM_000051.4:c.902-4A>G,11,108246960,A,G,ATM,benign
NC_000011.10:g.108246962A>T,NM_000051.4:c.902-2A>T,11,108246962,A,T,ATM,pathogenic
NC_000011.10:g.108246962A>G,NM_000051.4:c.902-2A>G,11,108246962,A,G,ATM,pathogenic
NC_000011.10:g.108246963G>A,NM_000051.4:c.902-1G>A,11,108246963,G,A,ATM,pathogenic
NC_000011.10:g.108246963G>T,NM_000051.4:c.902-1G>T,11,108246963,G,T,ATM,pathogenic
NC_000011.10:g.108246965T>G,NM_000051.4:c.903T>G,11,108246965,T,G,ATM,benign
NC_000011.10:g.108246968_108246969delinsTTT,NM_000051.4:c.907dup,11,108246967,CTT,CTTT,ATM,pathogenic
NC_000011.10:g.108246968T>A,NM_000051.4:c.906T>A,11,108246968,T,A,ATM,benign
NC_000011.10:g.108246968T>G,NM_000051.4:c.906T>G,11,108246968,T,G,ATM,benign
NC_000011.10:g.108246968T>C,NM_000051.4:c.906T>C,11,108246968,T,C,ATM,benign
NC_000011.10:g.108246971T>C,NM_000051.4:c.909T>C,11,108246971,T,C,ATM,benign
NC_000011.10:g.108246972G>T,NM_000051.4:c.910G>T,11,108246972,G,T,ATM,pathogenic
NC_000011.10:g.108246974A>G,NM_000051.4:c.912A>G,11,108246974,A,G,ATM,benign
NC_000011.10:g.108246976del,NM_000051.4:c.914del,11,108246975,TC,T,ATM,pathogenic
NC_000011.10:g.108246976C>G,NM_000051.4:c.914C>G,11,108246976,C,G,ATM,pathogenic
NC_000011.10:g.108246977A>T,NM_000051.4:c.915A>T,11,108246977,A,T,ATM,benign
NC_000011.10:g.108246977A>C,NM_000051.4:c.915A>C,11,108246977,A,C,ATM,benign
NC_000011.10:g.108246980_108246983delinsAA,NM_000051.4:c.920_921del,11,108246979,CAAAA,CAA,ATM,pathogenic
NC_000011.10:g.108246981A>T,NM_000051.4:c.919A>T,11,108246981,A,T,ATM,pathogenic
NC_000011.10:g.108246985G>A,NM_000051.4:c.923G>A,11,108246985,G,A,ATM,pathogenic
NC_000011.10:g.108246986G>A,NM_000051.4:c.924G>A,11,108246986,G,A,ATM,pathogenic
NC_000011.10:g.108246987A>T,NM_000051.4:c.925A>T,11,108246987,A,T,ATM,pathogenic
NC_000011.10:g.108246987A>C,NM_000051.4:c.925A>C,11,108246987,A,C,ATM,benign
NC_000011.10:g.108246989A>G,NM_000051.4:c.927A>G,11,108246989,A,G,ATM,benign
NC_000011.10:g.108246991del,NM_000051.4:c.929del,11,108246990,AG,A,ATM,pathogenic
NC_000011.10:g.108246992T>C,NM_000051.4:c.930T>C,11,108246992,T,C,ATM,benign
NC_000011.10:g.108246993_108247013delinsAT,NM_000051.4:c.933_951del,11,108246992,TATTTTATACAACTTATATGAT,TAT,ATM,pathogenic
NC_000011.10:g.108246998A>G,NM_000051.4:c.936A>G,11,108246998,A,G,ATM,benign
NC_000011.10:g.108247001C>T,NM_000051.4:c.939C>T,11,108247001,C,T,ATM,benign
NC_000011.10:g.108247004C>T,NM_000051.4:c.942C>T,11,108247004,C,T,ATM,benign
NC_000011.10:g.108247005T>C,NM_000051.4:c.943T>C,11,108247005,T,C,ATM,benign
NC_000011.10:g.108247005_108247006del,NM_000051.4:c.943_944del,11,108247004,CTT,C,ATM,pathogenic
NC_000011.10:g.108247005_108247006delinsT,NM_000051.4:c.944del,11,108247004,CTT,CT,ATM,pathogenic
NC_000011.10:g.108247007_108247007delinsAA,NM_000051.4:c.945dup,11,108247006,TA,TAA,ATM,pathogenic
NC_000011.10:g.108247007A>G,NM_000051.4:c.945A>G,11,108247007,A,G,ATM,benign
NC_000011.10:g.108247010T>C,NM_000051.4:c.948T>C,11,108247010,T,C,ATM,benign
NC_000011.10:g.108247013dup,NM_000051.4:c.951dup,11,108247013,T,TT,ATM,pathogenic
NC_000011.10:g.108247013T>C,NM_000051.4:c.951T>C,11,108247013,T,C,ATM,benign
NC_000011.10:g.108247016G>C,NM_000051.4:c.954G>C,11,108247016,G,C,ATM,benign
NC_000011.10:g.108247016G>A,NM_000051.4:c.954G>A,11,108247016,G,A,ATM,benign
NC_000011.10:g.108247019A>G,NM_000051.4:c.957A>G,11,108247019,A,G,ATM,benign
NC_000011.10:g.108247026_108247030del,NM_000051.4:c.964_968del,11,108247025,TGAGAT,T,ATM,pathogenic
NC_000011.10:g.108247025T>C,NM_000051.4:c.963T>C,11,108247025,T,C,ATM,benign
NC_000011.10:g.108247028G>A,NM_000051.4:c.966G>A,11,108247028,G,A,ATM,benign
NC_000011.10:g.108247029del,NM_000051.4:c.967del,11,108247028,GA,G,ATM,pathogenic
NC_000011.10:g.108247029A>G,NM_000051.4:c.967A>G,11,108247029,A,G,ATM,pathogenic
NC_000011.10:g.108247031_108247032delinsAAA,NM_000051.4:c.970dup,11,108247030,TAA,TAAA,ATM,pathogenic
NC_000011.10:g.108247032_108247041delinsAG,NM_000051.4:c.972_979del,11,108247031,AAGTCATATAG,AAG,ATM,pathogenic
NC_000011.10:g.108247036_108247040delinsATA,NM_000051.4:c.977_978del,11,108247035,CATATA,CATA,ATM,pathogenic
NC_000011.10:g.108247037T>C,NM_000051.4:c.975T>C,11,108247037,T,C,ATM,benign
NC_000011.10:g.108247041G>T,NM_000051.4:c.979G>T,11,108247041,G,T,ATM,pathogenic
NC_000011.10:g.108247043A>G,NM_000051.4:c.981A>G,11,108247043,A,G,ATM,benign
NC_000011.10:g.108247047_108247052delinsA,NM_000051.4:c.986_990del,11,108247046,TAGAGGA,TA,ATM,pathogenic
NC_000011.10:g.108247049A>G,NM_000051.4:c.987A>G,11,108247049,A,G,ATM,benign
NC_000011.10:g.108247050G>T,NM_000051.4:c.988G>T,11,108247050,G,T,ATM,pathogenic
NC_000011.10:g.108247052A>C,NM_000051.4:c.990A>C,11,108247052,A,C,ATM,benign
NC_000011.10:g.108247052A>G,NM_000051.4:c.990A>G,11,108247052,A,G,ATM,benign
NC_000011.10:g.108247055G>A,NM_000051.4:c.993G>A,11,108247055,G,A,ATM,benign
NC_000011.10:g.108247058T>C,NM_000051.4:c.996T>C,11,108247058,T,C,ATM,benign
NC_000011.10:g.108247061T>C,NM_000051.4:c.999T>C,11,108247061,T,C,ATM,benign
NC_000011.10:g.108247063_108247064insA,NM_000051.4:c.1000_1001insA,11,108247063,C,CA,ATM,pathogenic
NC_000011.10:g.108247063C>G,NM_000051.4:c.1001C>G,11,108247063,C,G,ATM,pathogenic
NC_000011.10:g.108247064A>C,NM_000051.4:c.1002A>C,11,108247064,A,C,ATM,benign
